game_date,season_id,team,gf,ga,wl,ortg,is_home,win,pt_diff
2023-03-13,22022,Atlanta Hawks,115.0,136.0,L,107.15616846813269,1,0.0,-21.0
2023-03-17,22022,Atlanta Hawks,127.0,119.0,W,116.51376146788989,1,1.0,8.0
2023-03-19,22022,Atlanta Hawks,118.0,126.0,L,115.91355599214145,0,0.0,-8.0
2023-03-21,22022,Atlanta Hawks,129.0,107.0,W,127.92542641808807,1,1.0,22.0
2023-03-22,22022,Atlanta Hawks,124.0,125.0,L,119.23076923076923,0,0.0,-1.0
2023-03-25,22022,Atlanta Hawks,143.0,130.0,W,136.1904761904762,1,1.0,13.0
2023-03-26,22022,Atlanta Hawks,119.0,123.0,L,112.86039453717756,1,0.0,-4.0
2023-03-28,22022,Atlanta Hawks,120.0,118.0,W,114.81056257175662,1,1.0,2.0
2023-03-31,22022,Atlanta Hawks,107.0,124.0,L,111.31918435289221,0,0.0,-17.0
2023-04-02,22022,Atlanta Hawks,132.0,130.0,W,117.14589989350372,1,1.0,2.0
2023-04-04,22022,Atlanta Hawks,123.0,105.0,W,117.86124952088923,0,1.0,18.0
2023-04-05,22022,Atlanta Hawks,134.0,116.0,W,125.70356472795498,1,1.0,18.0
2023-04-07,22022,Atlanta Hawks,131.0,136.0,L,107.97889878008573,1,0.0,-5.0
2023-04-09,22022,Atlanta Hawks,114.0,120.0,L,115.90077267181782,0,0.0,-6.0
2023-04-15,42022,Atlanta Hawks,99.0,112.0,L,94.57393962552541,0,0.0,-13.0
2023-04-18,42022,Atlanta Hawks,106.0,119.0,L,104.41292356185974,0,0.0,-13.0
2023-04-21,42022,Atlanta Hawks,130.0,122.0,W,122.59524707657488,1,1.0,8.0
2023-04-23,42022,Atlanta Hawks,121.0,129.0,L,110.4417670682731,1,0.0,-8.0
2023-04-25,42022,Atlanta Hawks,119.0,117.0,W,115.08704061895551,0,1.0,2.0
2023-04-27,42022,Atlanta Hawks,120.0,128.0,L,118.01730920535012,1,0.0,-8.0
2023-04-15,42022,Boston Celtics,112.0,99.0,W,110.9789932619897,1,1.0,13.0
2023-04-18,42022,Boston Celtics,119.0,106.0,W,117.35700197238658,1,1.0,13.0
2023-04-21,42022,Boston Celtics,122.0,130.0,L,116.14623000761614,0,0.0,-8.0
2023-04-23,42022,Boston Celtics,129.0,121.0,W,120.56074766355141,0,1.0,8.0
2023-04-25,42022,Boston Celtics,117.0,119.0,L,119.72984036021286,1,0.0,-2.0
2023-04-27,42022,Boston Celtics,128.0,120.0,W,131.30898645876076,0,1.0,8.0
2023-05-01,42022,Boston Celtics,115.0,119.0,L,126.48482182138143,1,0.0,-4.0
2023-05-03,42022,Boston Celtics,121.0,87.0,W,123.41901264789881,1,1.0,34.0
2023-05-05,42022,Boston Celtics,114.0,102.0,W,115.01210653753027,0,1.0,12.0
2023-05-07,42022,Boston Celtics,115.0,116.0,L,122.75832621690861,0,0.0,-1.0
2023-05-09,42022,Boston Celtics,103.0,115.0,L,106.22937293729373,1,0.0,-12.0
2023-05-11,42022,Boston Celtics,95.0,86.0,W,97.89777411376751,0,1.0,9.0
2023-05-14,42022,Boston Celtics,112.0,88.0,W,116.76396997497915,1,1.0,24.0
2023-05-17,42022,Boston Celtics,116.0,123.0,L,116.27906976744184,1,0.0,-7.0
2023-05-19,42022,Boston Celtics,105.0,111.0,L,106.53409090909092,1,0.0,-6.0
2023-05-21,42022,Boston Celtics,102.0,128.0,L,102.5331724969843,0,0.0,-26.0
2023-05-23,42022,Boston Celtics,116.0,99.0,W,122.20817530552044,0,1.0,17.0
2023-05-25,42022,Boston Celtics,110.0,97.0,W,128.8659793814433,1,1.0,13.0
2023-05-27,42022,Boston Celtics,104.0,103.0,W,111.87607573149741,0,1.0,1.0
2023-05-29,42022,Boston Celtics,84.0,103.0,L,90.595340811044,1,0.0,-19.0
2023-03-10,22022,Brooklyn Nets,124.0,123.0,W,114.26465167711022,0,1.0,1.0
2023-03-12,22022,Brooklyn Nets,122.0,120.0,W,121.3206046141607,0,1.0,2.0
2023-03-14,22022,Brooklyn Nets,107.0,121.0,L,103.92385392385393,0,0.0,-14.0
2023-03-16,22022,Brooklyn Nets,96.0,101.0,L,101.9974500637484,1,0.0,-5.0
2023-03-19,22022,Brooklyn Nets,102.0,108.0,L,110.82138200782268,1,0.0,-6.0
2023-03-21,22022,Brooklyn Nets,109.0,115.0,L,108.86935677187375,1,0.0,-6.0
2023-03-23,22022,Brooklyn Nets,114.0,116.0,L,114.13696435722869,1,0.0,-2.0
2023-03-25,22022,Brooklyn Nets,129.0,100.0,W,140.0,0,1.0,29.0
2023-03-26,22022,Brooklyn Nets,106.0,119.0,L,102.59388308168798,0,0.0,-13.0
2023-03-29,22022,Brooklyn Nets,123.0,114.0,W,125.6640784634246,1,1.0,9.0
2023-03-31,22022,Brooklyn Nets,124.0,107.0,W,126.8931641424478,1,1.0,17.0
2023-04-02,22022,Brooklyn Nets,111.0,110.0,W,107.80885780885781,1,1.0,1.0
2023-04-04,22022,Brooklyn Nets,102.0,107.0,L,102.86405808793869,1,0.0,-5.0
2023-04-05,22022,Brooklyn Nets,123.0,108.0,W,125.35670607419488,0,1.0,15.0
2023-04-07,22022,Brooklyn Nets,101.0,84.0,W,101.0,1,1.0,17.0
2023-04-09,22022,Brooklyn Nets,105.0,134.0,L,100.65184049079757,1,0.0,-29.0
2023-04-15,42022,Brooklyn Nets,101.0,121.0,L,110.26200873362446,0,0.0,-20.0
2023-04-17,42022,Brooklyn Nets,84.0,96.0,L,91.82334936598163,0,0.0,-12.0
2023-04-20,42022,Brooklyn Nets,97.0,102.0,L,106.96956329951477,1,0.0,-5.0
2023-04-22,42022,Brooklyn Nets,88.0,96.0,L,94.25878320479862,1,0.0,-8.0
2014-03-16,22013,Charlotte Bobcats,101.0,92.0,W,114.87716105550501,0,1.0,9.0
2014-03-17,22013,Charlotte Bobcats,83.0,97.0,L,93.21653189577718,1,0.0,-14.0
2014-03-19,22013,Charlotte Bobcats,99.0,104.0,L,109.6588391670359,0,0.0,-5.0
2014-03-22,22013,Charlotte Bobcats,124.0,94.0,W,130.03355704697987,1,1.0,30.0
2014-03-24,22013,Charlotte Bobcats,89.0,100.0,L,94.68085106382979,1,0.0,-11.0
2014-03-26,22013,Charlotte Bobcats,116.0,111.0,W,120.68248023304203,1,1.0,5.0
2014-03-28,22013,Charlotte Bobcats,105.0,110.0,L,100.80645161290323,0,0.0,-5.0
2014-03-31,22013,Charlotte Bobcats,100.0,94.0,W,112.41007194244604,1,1.0,6.0
2014-04-02,22013,Charlotte Bobcats,123.0,93.0,W,130.29661016949152,0,1.0,30.0
2014-04-04,22013,Charlotte Bobcats,91.0,80.0,W,96.68508287292818,1,1.0,11.0
2014-04-05,22013,Charlotte Bobcats,96.0,94.0,W,93.31259720062208,0,1.0,2.0
2014-04-09,22013,Charlotte Bobcats,94.0,88.0,W,91.61793372319688,0,1.0,6.0
2014-04-11,22013,Charlotte Bobcats,103.0,106.0,L,105.8799342105263,0,0.0,-3.0
2014-04-12,22013,Charlotte Bobcats,111.0,105.0,W,115.57684298209081,1,1.0,6.0
2014-04-14,22013,Charlotte Bobcats,95.0,93.0,W,103.66652116979485,0,1.0,2.0
2014-04-16,22013,Charlotte Bobcats,91.0,86.0,W,95.34786253143336,1,1.0,5.0
2014-04-20,42013,Charlotte Bobcats,88.0,99.0,L,96.40666082383873,0,0.0,-11.0
2014-04-23,42013,Charlotte Bobcats,97.0,101.0,L,100.66417600664177,0,0.0,-4.0
2014-04-26,42013,Charlotte Bobcats,85.0,98.0,L,94.9508489722967,1,0.0,-13.0
2014-04-28,42013,Charlotte Bobcats,98.0,109.0,L,106.29067245119306,1,0.0,-11.0
2023-02-27,22022,Charlotte Hornets,117.0,106.0,W,113.9462407479548,1,1.0,11.0
2023-03-01,22022,Charlotte Hornets,91.0,105.0,L,88.93666927286944,1,0.0,-14.0
2023-03-03,22022,Charlotte Hornets,106.0,117.0,L,103.921568627451,1,0.0,-11.0
2023-03-05,22022,Charlotte Hornets,86.0,102.0,L,86.34538152610443,0,0.0,-16.0
2023-03-07,22022,Charlotte Hornets,112.0,105.0,W,116.37572734829592,0,1.0,7.0
2023-03-09,22022,Charlotte Hornets,113.0,103.0,W,112.90967226219024,0,1.0,10.0
2023-03-11,22022,Charlotte Hornets,111.0,119.0,L,110.33797216699801,1,0.0,-8.0
2023-03-12,22022,Charlotte Hornets,108.0,114.0,L,106.2155782848151,1,0.0,-6.0
2023-03-14,22022,Charlotte Hornets,104.0,120.0,L,105.4766734279919,1,0.0,-16.0
2023-03-17,22022,Charlotte Hornets,82.0,121.0,L,80.0,1,0.0,-39.0
2023-03-20,22022,Charlotte Hornets,115.0,109.0,W,109.4404263418348,1,1.0,6.0
2023-03-23,22022,Charlotte Hornets,96.0,115.0,L,93.16770186335404,0,0.0,-19.0
2023-03-24,22022,Charlotte Hornets,117.0,109.0,W,113.72472783825818,0,1.0,8.0
2023-03-26,22022,Charlotte Hornets,110.0,104.0,W,111.60714285714286,1,1.0,6.0
2023-03-28,22022,Charlotte Hornets,137.0,134.0,W,124.31941923774954,0,1.0,3.0
2023-03-31,22022,Charlotte Hornets,91.0,121.0,L,91.54929577464789,1,0.0,-30.0
2023-04-02,22022,Charlotte Hornets,108.0,128.0,L,109.40032414910858,1,0.0,-20.0
2023-04-04,22022,Charlotte Hornets,100.0,120.0,L,102.71158586688578,1,0.0,-20.0
2023-04-07,22022,Charlotte Hornets,109.0,112.0,L,99.19912631962141,1,0.0,-3.0
2023-04-09,22022,Charlotte Hornets,106.0,95.0,W,102.71317829457365,0,1.0,11.0
2023-03-01,22022,Chicago Bulls,117.0,115.0,W,112.89077576225395,0,1.0,2.0
2023-03-03,22022,Chicago Bulls,104.0,125.0,L,110.63829787234043,1,0.0,-21.0
2023-03-05,22022,Chicago Bulls,122.0,125.0,L,127.08333333333333,1,0.0,-3.0
2023-03-08,22022,Chicago Bulls,117.0,96.0,W,120.71811803549319,0,1.0,21.0
2023-03-11,22022,Chicago Bulls,119.0,111.0,W,123.08647083160942,0,1.0,8.0
2023-03-15,22022,Chicago Bulls,114.0,117.0,L,103.63636363636364,1,0.0,-3.0
2023-03-17,22022,Chicago Bulls,139.0,131.0,W,122.79151943462898,1,1.0,8.0
2023-03-18,22022,Chicago Bulls,113.0,99.0,W,123.3085988651244,1,1.0,14.0
2023-03-20,22022,Chicago Bulls,109.0,105.0,W,95.81575246132208,0,1.0,4.0
2023-03-22,22022,Chicago Bulls,91.0,116.0,L,94.12494828299545,1,0.0,-25.0
2023-03-24,22022,Chicago Bulls,124.0,96.0,W,128.95174708818635,0,1.0,28.0
2023-03-26,22022,Chicago Bulls,118.0,108.0,W,125.90695689287239,0,1.0,10.0
2023-03-27,22022,Chicago Bulls,112.0,124.0,L,114.00651465798046,0,0.0,-12.0
2023-03-29,22022,Chicago Bulls,110.0,121.0,L,108.1399921352733,1,0.0,-11.0
2023-03-31,22022,Chicago Bulls,121.0,91.0,W,126.46321070234112,0,1.0,30.0
2023-04-02,22022,Chicago Bulls,128.0,107.0,W,124.6591351772497,1,1.0,21.0
2023-04-04,22022,Chicago Bulls,105.0,123.0,L,105.21042084168337,1,0.0,-18.0
2023-04-05,22022,Chicago Bulls,92.0,105.0,L,94.03107113654946,0,0.0,-13.0
2023-04-07,22022,Chicago Bulls,115.0,112.0,W,115.09207365892713,0,1.0,3.0
2023-04-09,22022,Chicago Bulls,103.0,81.0,W,105.44635544635543,1,1.0,22.0
2023-03-08,22022,Cleveland Cavaliers,104.0,100.0,W,105.73403822692151,0,1.0,4.0
2023-03-10,22022,Cleveland Cavaliers,115.0,119.0,L,117.06026058631922,0,0.0,-4.0
2023-03-12,22022,Cleveland Cavaliers,114.0,108.0,W,112.9160063391442,0,1.0,6.0
2023-03-14,22022,Cleveland Cavaliers,120.0,104.0,W,123.25390304026294,0,1.0,16.0
2023-03-15,22022,Cleveland Cavaliers,109.0,118.0,L,115.12463033375579,1,0.0,-9.0
2023-03-17,22022,Cleveland Cavaliers,117.0,94.0,W,118.5650587758411,1,1.0,23.0
2023-03-21,22022,Cleveland Cavaliers,115.0,109.0,W,117.06026058631922,0,1.0,6.0
2023-03-23,22022,Cleveland Cavaliers,116.0,114.0,W,119.04761904761905,0,1.0,2.0
2023-03-26,22022,Cleveland Cavaliers,108.0,91.0,W,117.95543905635648,1,1.0,17.0
2023-03-28,22022,Cleveland Cavaliers,118.0,120.0,L,117.20301946762018,0,0.0,-2.0
2023-03-31,22022,Cleveland Cavaliers,116.0,130.0,L,117.50405186385737,1,0.0,-14.0
2023-04-02,22022,Cleveland Cavaliers,115.0,105.0,W,113.36750788643532,1,1.0,10.0
2023-04-04,22022,Cleveland Cavaliers,117.0,113.0,W,120.86776859504134,0,1.0,4.0
2023-04-06,22022,Cleveland Cavaliers,118.0,94.0,W,118.04721888755503,0,1.0,24.0
2023-04-09,22022,Cleveland Cavaliers,95.0,106.0,L,94.02216943784639,1,0.0,-11.0
2023-04-15,42022,Cleveland Cavaliers,97.0,101.0,L,101.8479630407392,1,0.0,-4.0
2023-04-18,42022,Cleveland Cavaliers,107.0,90.0,W,114.75761475761476,1,1.0,17.0
2023-04-21,42022,Cleveland Cavaliers,79.0,99.0,L,82.73984080435693,0,0.0,-20.0
2023-04-23,42022,Cleveland Cavaliers,93.0,102.0,L,101.79509632224169,0,0.0,-9.0
2023-04-26,42022,Cleveland Cavaliers,95.0,106.0,L,104.85651214128036,1,0.0,-11.0
2023-02-28,22022,Dallas Mavericks,122.0,124.0,L,120.41058033951838,1,0.0,-2.0
2023-03-02,22022,Dallas Mavericks,133.0,126.0,W,130.54574008637613,1,1.0,7.0
2023-03-05,22022,Dallas Mavericks,126.0,130.0,L,127.63371150729334,1,0.0,-4.0
2023-03-07,22022,Dallas Mavericks,120.0,116.0,W,106.49627263045794,1,1.0,4.0
2023-03-08,22022,Dallas Mavericks,106.0,113.0,L,105.61976883220407,0,0.0,-7.0
2023-03-11,22022,Dallas Mavericks,108.0,112.0,L,112.35955056179773,0,0.0,-4.0
2023-03-13,22022,Dallas Mavericks,88.0,104.0,L,89.32196508323183,1,0.0,-16.0
2023-03-15,22022,Dallas Mavericks,137.0,128.0,W,123.11286843997125,0,1.0,9.0
2023-03-17,22022,Dallas Mavericks,111.0,110.0,W,116.40100671140941,0,1.0,1.0
2023-03-20,22022,Dallas Mavericks,108.0,112.0,L,111.5702479338843,0,0.0,-4.0
2023-03-22,22022,Dallas Mavericks,125.0,127.0,L,120.98335269066978,1,0.0,-2.0
2023-03-24,22022,Dallas Mavericks,109.0,117.0,L,110.59253246753246,1,0.0,-8.0
2023-03-26,22022,Dallas Mavericks,104.0,110.0,L,105.39116335630318,0,0.0,-6.0
2023-03-27,22022,Dallas Mavericks,127.0,104.0,W,127.6638520305589,0,1.0,23.0
2023-03-29,22022,Dallas Mavericks,108.0,116.0,L,111.43210895583987,0,0.0,-8.0
2023-04-01,22022,Dallas Mavericks,122.0,129.0,L,125.72135201978566,0,0.0,-7.0
2023-04-02,22022,Dallas Mavericks,130.0,132.0,L,114.96285815351963,0,0.0,-2.0
2023-04-05,22022,Dallas Mavericks,123.0,119.0,W,123.09847878302642,1,1.0,4.0
2023-04-07,22022,Dallas Mavericks,112.0,115.0,L,110.10617381046008,1,0.0,-3.0
2023-04-09,22022,Dallas Mavericks,117.0,138.0,L,105.36743515850145,1,0.0,-21.0
2023-04-16,42022,Denver Nuggets,109.0,80.0,W,111.81780878128846,1,1.0,29.0
2023-04-19,42022,Denver Nuggets,122.0,113.0,W,125.77319587628865,1,1.0,9.0
2023-04-21,42022,Denver Nuggets,120.0,111.0,W,120.33694344163659,0,1.0,9.0
2023-04-23,42022,Denver Nuggets,108.0,114.0,L,102.93556995806328,0,0.0,-6.0
2023-04-25,42022,Denver Nuggets,112.0,109.0,W,115.65468814539446,1,1.0,3.0
2023-04-29,42022,Denver Nuggets,125.0,107.0,W,123.03149606299213,1,1.0,18.0
2023-05-01,42022,Denver Nuggets,97.0,87.0,W,104.03260403260404,1,1.0,10.0
2023-05-05,42022,Denver Nuggets,114.0,121.0,L,110.42231693142193,0,0.0,-7.0
2023-05-07,42022,Denver Nuggets,124.0,129.0,L,126.37586628618018,0,0.0,-5.0
2023-05-09,42022,Denver Nuggets,118.0,102.0,W,121.24948623099054,1,1.0,16.0
2023-05-11,42022,Denver Nuggets,125.0,100.0,W,125.45162585307106,0,1.0,25.0
2023-05-16,42022,Denver Nuggets,132.0,126.0,W,136.5328920148945,1,1.0,6.0
2023-05-18,42022,Denver Nuggets,108.0,103.0,W,104.93587252234747,1,1.0,5.0
2023-05-20,42022,Denver Nuggets,119.0,108.0,W,122.22678718159408,0,1.0,11.0
2023-05-22,42022,Denver Nuggets,113.0,111.0,W,119.3493874102239,0,1.0,2.0
2023-06-01,42022,Denver Nuggets,104.0,93.0,W,113.28976034858388,1,1.0,11.0
2023-06-04,42022,Denver Nuggets,108.0,111.0,L,120.42818911685993,1,0.0,-3.0
2023-06-07,42022,Denver Nuggets,109.0,94.0,W,117.35572782084411,0,1.0,15.0
2023-06-09,42022,Denver Nuggets,108.0,95.0,W,118.36913634370892,0,1.0,13.0
2023-06-12,42022,Denver Nuggets,94.0,89.0,W,95.80105992662045,1,1.0,5.0
2023-03-01,22022,Detroit Pistons,115.0,117.0,L,114.63317384370018,1,0.0,-2.0
2023-03-04,22022,Detroit Pistons,90.0,114.0,L,86.53846153846155,0,0.0,-24.0
2023-03-06,22022,Detroit Pistons,104.0,110.0,L,109.70464135021096,1,0.0,-6.0
2023-03-07,22022,Detroit Pistons,117.0,119.0,L,122.28260869565217,1,0.0,-2.0
2023-03-09,22022,Detroit Pistons,103.0,113.0,L,103.20641282565131,1,0.0,-10.0
2023-03-11,22022,Detroit Pistons,115.0,121.0,L,108.61352474499432,1,0.0,-6.0
2023-03-13,22022,Detroit Pistons,117.0,97.0,W,116.53386454183266,1,1.0,20.0
2023-03-14,22022,Detroit Pistons,97.0,117.0,L,100.74781886165351,0,0.0,-20.0
2023-03-16,22022,Detroit Pistons,100.0,119.0,L,103.17787866281469,1,0.0,-19.0
2023-03-19,22022,Detroit Pistons,100.0,112.0,L,106.97475395806589,1,0.0,-12.0
2023-03-21,22022,Detroit Pistons,107.0,129.0,L,104.32917316692667,0,0.0,-22.0
2023-03-24,22022,Detroit Pistons,97.0,118.0,L,96.80638722554889,0,0.0,-21.0
2023-03-27,22022,Detroit Pistons,117.0,126.0,L,112.67334360554699,1,0.0,-9.0
2023-03-29,22022,Detroit Pistons,106.0,107.0,L,112.57434154630417,0,0.0,-1.0
2023-03-31,22022,Detroit Pistons,115.0,121.0,L,115.13816579895875,0,0.0,-6.0
2023-04-02,22022,Detroit Pistons,102.0,128.0,L,101.15033716779055,0,0.0,-26.0
2023-04-04,22022,Detroit Pistons,105.0,118.0,L,113.04909560723515,1,0.0,-13.0
2023-04-05,22022,Detroit Pistons,108.0,123.0,L,113.49306431273645,1,0.0,-15.0
2023-04-07,22022,Detroit Pistons,122.0,115.0,W,116.81348142474148,0,1.0,7.0
2023-04-09,22022,Detroit Pistons,81.0,103.0,L,80.42096902303415,0,0.0,-22.0
2023-03-26,22022,Golden State Warriors,96.0,99.0,L,96.5018094089264,1,0.0,-3.0
2023-03-28,22022,Golden State Warriors,120.0,109.0,W,120.3852327447833,1,1.0,11.0
2023-03-31,22022,Golden State Warriors,130.0,115.0,W,125.9201859744285,1,1.0,15.0
2023-04-02,22022,Golden State Warriors,110.0,112.0,L,104.28517254455821,0,0.0,-2.0
2023-04-04,22022,Golden State Warriors,136.0,125.0,W,131.7829457364341,1,1.0,11.0
2023-04-07,22022,Golden State Warriors,119.0,97.0,W,116.02964118564742,0,1.0,22.0
2023-04-09,22022,Golden State Warriors,157.0,101.0,W,140.0,0,1.0,56.0
2023-04-15,42022,Golden State Warriors,123.0,126.0,L,114.01557285873194,0,0.0,-3.0
2023-04-17,42022,Golden State Warriors,106.0,114.0,L,102.99261562378545,0,0.0,-8.0
2023-04-20,42022,Golden State Warriors,114.0,97.0,W,109.48905109489051,1,1.0,17.0
2023-04-23,42022,Golden State Warriors,126.0,125.0,W,120.50497322111707,1,1.0,1.0
2023-04-26,42022,Golden State Warriors,123.0,116.0,W,113.51052048726467,0,1.0,7.0
2023-04-28,42022,Golden State Warriors,99.0,118.0,L,91.32841328413284,1,0.0,-19.0
2023-04-30,42022,Golden State Warriors,120.0,100.0,W,117.41682974559686,0,1.0,20.0
2023-05-02,42022,Golden State Warriors,112.0,117.0,L,109.11925175370226,1,0.0,-5.0
2023-05-04,42022,Golden State Warriors,127.0,100.0,W,120.9063214013709,1,1.0,27.0
2023-05-06,42022,Golden State Warriors,97.0,127.0,L,93.73792037108619,0,0.0,-30.0
2023-05-08,42022,Golden State Warriors,101.0,104.0,L,102.76760276760277,0,0.0,-3.0
2023-05-10,42022,Golden State Warriors,121.0,106.0,W,114.58333333333334,1,1.0,15.0
2023-05-12,42022,Golden State Warriors,101.0,122.0,L,100.83865814696486,0,0.0,-21.0
2023-03-04,22022,Houston Rockets,122.0,110.0,W,123.63194162950953,0,1.0,12.0
2023-03-05,22022,Houston Rockets,142.0,110.0,W,136.85427910562836,1,1.0,32.0
2023-03-07,22022,Houston Rockets,96.0,118.0,L,98.4009840098401,1,0.0,-22.0
2023-03-09,22022,Houston Rockets,125.0,134.0,L,107.05721137375812,0,0.0,-9.0
2023-03-11,22022,Houston Rockets,111.0,119.0,L,108.31381733021077,1,0.0,-8.0
2023-03-13,22022,Houston Rockets,111.0,109.0,W,113.40416836943197,1,1.0,2.0
2023-03-15,22022,Houston Rockets,114.0,110.0,W,114.73429951690821,1,1.0,4.0
2023-03-17,22022,Houston Rockets,114.0,112.0,W,118.0613090306545,1,1.0,2.0
2023-03-19,22022,Houston Rockets,107.0,117.0,L,109.49652067130577,1,0.0,-10.0
2023-03-20,22022,Houston Rockets,108.0,121.0,L,99.48415622697125,1,0.0,-13.0
2023-03-22,22022,Houston Rockets,125.0,130.0,L,126.10976594027441,0,0.0,-5.0
2023-03-24,22022,Houston Rockets,114.0,151.0,L,111.50234741784037,0,0.0,-37.0
2023-03-26,22022,Houston Rockets,91.0,108.0,L,95.87020648967551,0,0.0,-17.0
2023-03-27,22022,Houston Rockets,115.0,137.0,L,114.13259229853116,0,0.0,-22.0
2023-03-29,22022,Houston Rockets,114.0,123.0,L,117.23570547099959,0,0.0,-9.0
2023-03-31,22022,Houston Rockets,121.0,115.0,W,120.03968253968253,1,1.0,6.0
2023-04-02,22022,Houston Rockets,109.0,134.0,L,108.56573705179282,1,0.0,-25.0
2023-04-04,22022,Houston Rockets,124.0,103.0,W,117.46873815839334,1,1.0,21.0
2023-04-07,22022,Houston Rockets,112.0,109.0,W,105.3423626787058,0,1.0,3.0
2023-04-09,22022,Houston Rockets,114.0,109.0,W,109.27914110429448,0,1.0,5.0
2023-02-28,22022,Indiana Pacers,124.0,122.0,W,124.4979919678715,0,1.0,2.0
2023-03-02,22022,Indiana Pacers,99.0,110.0,L,96.26604434072345,0,0.0,-11.0
2023-03-05,22022,Indiana Pacers,125.0,122.0,W,128.81286067600988,0,1.0,3.0
2023-03-06,22022,Indiana Pacers,143.0,147.0,L,132.8502415458937,1,0.0,-4.0
2023-03-09,22022,Indiana Pacers,134.0,125.0,W,118.33274461321088,1,1.0,9.0
2023-03-11,22022,Indiana Pacers,121.0,115.0,W,116.39091958445556,0,1.0,6.0
2023-03-13,22022,Indiana Pacers,97.0,117.0,L,97.4286862193652,0,0.0,-20.0
2023-03-16,22022,Indiana Pacers,139.0,123.0,W,131.62878787878788,0,1.0,16.0
2023-03-18,22022,Indiana Pacers,121.0,141.0,L,120.03968253968253,1,0.0,-20.0
2023-03-20,22022,Indiana Pacers,109.0,115.0,L,102.86900717251793,0,0.0,-6.0
2023-03-22,22022,Indiana Pacers,118.0,114.0,W,120.40816326530613,0,1.0,4.0
2023-03-24,22022,Indiana Pacers,95.0,120.0,L,90.7527703477264,0,0.0,-25.0
2023-03-25,22022,Indiana Pacers,130.0,143.0,L,120.05910602142593,0,0.0,-13.0
2023-03-27,22022,Indiana Pacers,104.0,127.0,L,100.8533747090768,1,0.0,-23.0
2023-03-29,22022,Indiana Pacers,136.0,149.0,L,125.13801987486197,1,0.0,-13.0
2023-03-31,22022,Indiana Pacers,121.0,117.0,W,113.80737396538751,1,1.0,4.0
2023-04-02,22022,Indiana Pacers,105.0,115.0,L,103.18396226415094,0,0.0,-10.0
2023-04-05,22022,Indiana Pacers,129.0,138.0,L,120.33582089552239,1,0.0,-9.0
2023-04-07,22022,Indiana Pacers,115.0,122.0,L,109.19103684010636,1,0.0,-7.0
2023-04-09,22022,Indiana Pacers,141.0,136.0,W,125.08871540099362,0,1.0,5.0
2023-03-08,22022,LA Clippers,108.0,100.0,W,116.580310880829,1,1.0,8.0
2023-03-11,22022,LA Clippers,106.0,95.0,W,109.2333058532564,1,1.0,11.0
2023-03-15,22022,LA Clippers,134.0,126.0,W,131.26959247648904,1,1.0,8.0
2023-03-18,22022,LA Clippers,108.0,113.0,L,105.30421216848673,1,0.0,-5.0
2023-03-19,22022,LA Clippers,117.0,102.0,W,121.72284644194755,0,1.0,15.0
2023-03-21,22022,LA Clippers,100.0,101.0,L,102.83833813245577,1,0.0,-1.0
2023-03-23,22022,LA Clippers,127.0,105.0,W,127.25450901803607,1,1.0,22.0
2023-03-25,22022,LA Clippers,110.0,131.0,L,107.58998435054774,1,0.0,-21.0
2023-03-27,22022,LA Clippers,124.0,112.0,W,123.95041983206715,1,1.0,12.0
2023-03-29,22022,LA Clippers,141.0,132.0,W,134.74770642201835,0,1.0,9.0
2023-03-31,22022,LA Clippers,94.0,108.0,L,90.45419553502694,0,0.0,-14.0
2023-04-01,22022,LA Clippers,114.0,122.0,L,117.38056013179572,0,0.0,-8.0
2023-04-05,22022,LA Clippers,125.0,118.0,W,122.69336474283472,1,1.0,7.0
2023-04-08,22022,LA Clippers,136.0,125.0,W,129.27756653992395,1,1.0,11.0
2023-04-09,22022,LA Clippers,119.0,114.0,W,111.67417417417418,0,1.0,5.0
2023-04-16,42022,LA Clippers,115.0,110.0,W,109.77472317678503,0,1.0,5.0
2023-04-18,42022,LA Clippers,109.0,123.0,L,112.78973509933775,0,0.0,-14.0
2023-04-20,42022,LA Clippers,124.0,129.0,L,116.98113207547169,1,0.0,-5.0
2023-04-22,42022,LA Clippers,100.0,112.0,L,99.601593625498,1,0.0,-12.0
2023-04-25,42022,LA Clippers,130.0,136.0,L,124.66436517069428,0,0.0,-6.0
2015-04-04,22014,Los Angeles Clippers,107.0,92.0,W,107.55930840369923,0,1.0,15.0
2015-04-05,22014,Los Angeles Clippers,106.0,78.0,W,123.3705772811918,0,1.0,28.0
2015-04-07,22014,Los Angeles Clippers,105.0,100.0,W,108.02469135802468,1,1.0,5.0
2015-04-11,22014,Los Angeles Clippers,94.0,86.0,W,95.25739764896635,1,1.0,8.0
2015-04-13,22014,Los Angeles Clippers,110.0,103.0,W,109.69285999202233,1,1.0,7.0
2015-04-14,22014,Los Angeles Clippers,112.0,101.0,W,115.55922410235246,0,1.0,11.0
2015-04-19,42014,Los Angeles Clippers,107.0,92.0,W,107.73258155457108,1,1.0,15.0
2015-04-22,42014,Los Angeles Clippers,107.0,111.0,L,102.60836210203298,1,0.0,-4.0
2015-04-24,42014,Los Angeles Clippers,73.0,100.0,L,80.0,0,0.0,-27.0
2015-04-26,42014,Los Angeles Clippers,114.0,105.0,W,114.64199517296862,0,1.0,9.0
2015-04-28,42014,Los Angeles Clippers,107.0,111.0,L,99.55340528470413,1,0.0,-4.0
2015-04-30,42014,Los Angeles Clippers,102.0,96.0,W,108.92780862879113,0,1.0,6.0
2015-05-02,42014,Los Angeles Clippers,111.0,109.0,W,120.65217391304348,1,1.0,2.0
2015-05-04,42014,Los Angeles Clippers,117.0,101.0,W,105.21582733812949,0,1.0,16.0
2015-05-06,42014,Los Angeles Clippers,109.0,115.0,L,102.75263951734541,0,0.0,-6.0
2015-05-08,42014,Los Angeles Clippers,124.0,99.0,W,125.10088781275222,1,1.0,25.0
2015-05-10,42014,Los Angeles Clippers,128.0,95.0,W,118.8265874489417,1,1.0,33.0
2015-05-12,42014,Los Angeles Clippers,103.0,124.0,L,104.42011354420113,0,0.0,-21.0
2015-05-14,42014,Los Angeles Clippers,107.0,119.0,L,98.0931426475981,1,0.0,-12.0
2015-05-17,42014,Los Angeles Clippers,100.0,113.0,L,97.5800156128025,0,0.0,-13.0
2023-04-04,22022,Los Angeles Lakers,135.0,133.0,W,120.10676156583628,0,1.0,2.0
2023-04-05,22022,Los Angeles Lakers,118.0,125.0,L,113.94360757049054,0,0.0,-7.0
2023-04-07,22022,Los Angeles Lakers,121.0,107.0,W,114.71368979901402,1,1.0,14.0
2023-04-09,22022,Los Angeles Lakers,128.0,117.0,W,119.35844834017158,1,1.0,11.0
2023-04-16,42022,Los Angeles Lakers,128.0,112.0,W,121.85833968012186,0,1.0,16.0
2023-04-19,42022,Los Angeles Lakers,93.0,103.0,L,96.63341645885288,0,0.0,-10.0
2023-04-22,42022,Los Angeles Lakers,111.0,101.0,W,103.85479041916167,1,1.0,10.0
2023-04-24,42022,Los Angeles Lakers,117.0,111.0,W,106.71287851149216,1,1.0,6.0
2023-04-26,42022,Los Angeles Lakers,99.0,116.0,L,99.19839679358718,0,0.0,-17.0
2023-04-28,42022,Los Angeles Lakers,125.0,85.0,W,119.50286806883366,1,1.0,40.0
2023-05-02,42022,Los Angeles Lakers,117.0,112.0,W,117.2814755412991,0,1.0,5.0
2023-05-04,42022,Los Angeles Lakers,100.0,127.0,L,98.54158454867954,0,0.0,-27.0
2023-05-06,42022,Los Angeles Lakers,127.0,97.0,W,122.9666924864446,1,1.0,30.0
2023-05-08,42022,Los Angeles Lakers,104.0,101.0,W,103.17460317460319,1,1.0,3.0
2023-05-10,42022,Los Angeles Lakers,106.0,121.0,L,105.36779324055668,0,0.0,-15.0
2023-05-12,42022,Los Angeles Lakers,122.0,101.0,W,129.12785774767147,1,1.0,21.0
2023-05-16,42022,Los Angeles Lakers,126.0,132.0,L,129.31034482758622,0,0.0,-6.0
2023-05-18,42022,Los Angeles Lakers,103.0,108.0,L,101.53785488958991,0,0.0,-5.0
2023-05-20,42022,Los Angeles Lakers,108.0,119.0,L,110.47463175122749,1,0.0,-11.0
2023-05-22,42022,Los Angeles Lakers,111.0,113.0,L,116.30343671416597,1,0.0,-2.0
2023-03-17,22022,Memphis Grizzlies,126.0,120.0,W,112.25944404846757,0,1.0,6.0
2023-03-18,22022,Memphis Grizzlies,133.0,119.0,W,135.05280259951257,1,1.0,14.0
2023-03-20,22022,Memphis Grizzlies,112.0,108.0,W,118.59381617958493,1,1.0,4.0
2023-03-22,22022,Memphis Grizzlies,130.0,125.0,W,129.3274970155193,1,1.0,5.0
2023-03-24,22022,Memphis Grizzlies,151.0,114.0,W,140.0,1,1.0,37.0
2023-03-26,22022,Memphis Grizzlies,123.0,119.0,W,120.16412661195778,0,1.0,4.0
2023-03-28,22022,Memphis Grizzlies,113.0,108.0,W,104.51350351461339,1,1.0,5.0
2023-03-29,22022,Memphis Grizzlies,132.0,141.0,L,124.15349887133185,1,0.0,-9.0
2023-03-31,22022,Memphis Grizzlies,108.0,94.0,W,101.42749812171299,1,1.0,14.0
2023-04-02,22022,Memphis Grizzlies,107.0,128.0,L,107.77598710717164,0,0.0,-21.0
2023-04-04,22022,Memphis Grizzlies,119.0,109.0,W,118.19626539531187,1,1.0,10.0
2023-04-05,22022,Memphis Grizzlies,131.0,138.0,L,114.91228070175438,0,0.0,-7.0
2023-04-07,22022,Memphis Grizzlies,137.0,114.0,W,136.18290258449306,0,1.0,23.0
2023-04-09,22022,Memphis Grizzlies,100.0,115.0,L,99.08838684106223,0,0.0,-15.0
2023-04-16,42022,Memphis Grizzlies,112.0,128.0,L,109.76087808702468,1,0.0,-16.0
2023-04-19,42022,Memphis Grizzlies,103.0,93.0,W,105.92348827642945,1,1.0,10.0
2023-04-22,42022,Memphis Grizzlies,101.0,111.0,L,99.21414538310412,0,0.0,-10.0
2023-04-24,42022,Memphis Grizzlies,111.0,117.0,L,98.8952245188881,0,0.0,-6.0
2023-04-26,42022,Memphis Grizzlies,116.0,99.0,W,112.09895632006183,1,1.0,17.0
2023-04-28,42022,Memphis Grizzlies,85.0,125.0,L,81.10687022900763,0,0.0,-40.0
2023-04-24,42022,Miami Heat,119.0,114.0,W,113.33333333333333,1,1.0,5.0
2023-04-26,42022,Miami Heat,128.0,126.0,W,107.1309005691329,0,1.0,2.0
2023-04-30,42022,Miami Heat,108.0,101.0,W,111.61637040099215,0,1.0,7.0
2023-05-02,42022,Miami Heat,105.0,111.0,L,114.77918670747704,0,0.0,-6.0
2023-05-06,42022,Miami Heat,105.0,86.0,W,100.3440366972477,1,1.0,19.0
2023-05-08,42022,Miami Heat,109.0,101.0,W,115.12463033375579,1,1.0,8.0
2023-05-10,42022,Miami Heat,103.0,112.0,L,105.79293344289236,0,0.0,-9.0
2023-05-12,42022,Miami Heat,96.0,92.0,W,103.2258064516129,1,1.0,4.0
2023-05-17,42022,Miami Heat,123.0,116.0,W,121.34964483030781,0,1.0,7.0
2023-05-19,42022,Miami Heat,111.0,105.0,W,110.60183339976086,0,1.0,6.0
2023-05-21,42022,Miami Heat,128.0,102.0,W,128.98024989923417,1,1.0,26.0
2023-05-23,42022,Miami Heat,99.0,116.0,L,104.9618320610687,1,0.0,-17.0
2023-05-25,42022,Miami Heat,97.0,110.0,L,109.7285067873303,0,0.0,-13.0
2023-05-27,42022,Miami Heat,103.0,104.0,L,109.85494880546074,1,0.0,-1.0
2023-05-29,42022,Miami Heat,103.0,84.0,W,107.69552488498537,0,1.0,19.0
2023-06-01,42022,Miami Heat,93.0,104.0,L,99.06263314870047,0,0.0,-11.0
2023-06-04,42022,Miami Heat,111.0,108.0,W,123.60801781737194,0,1.0,3.0
2023-06-07,42022,Miami Heat,94.0,109.0,L,99.61848240779992,1,0.0,-15.0
2023-06-09,42022,Miami Heat,95.0,108.0,L,101.27931769722815,1,0.0,-13.0
2023-06-12,42022,Miami Heat,89.0,94.0,L,88.96441423430628,0,0.0,-5.0
2023-03-13,22022,Milwaukee Bucks,133.0,124.0,W,128.2793209876543,0,1.0,9.0
2023-03-14,22022,Milwaukee Bucks,116.0,104.0,W,114.53396524486573,0,1.0,12.0
2023-03-16,22022,Milwaukee Bucks,123.0,139.0,L,118.90951276102089,1,0.0,-16.0
2023-03-19,22022,Milwaukee Bucks,118.0,111.0,W,122.61014131338321,1,1.0,7.0
2023-03-22,22022,Milwaukee Bucks,130.0,94.0,W,114.47692849594928,1,1.0,36.0
2023-03-24,22022,Milwaukee Bucks,144.0,116.0,W,130.86150490730643,0,1.0,28.0
2023-03-25,22022,Milwaukee Bucks,106.0,129.0,L,102.67338240991863,0,0.0,-23.0
2023-03-27,22022,Milwaukee Bucks,126.0,117.0,W,125.44802867383513,0,1.0,9.0
2023-03-29,22022,Milwaukee Bucks,149.0,136.0,W,133.99280575539566,0,1.0,13.0
2023-03-30,22022,Milwaukee Bucks,99.0,140.0,L,94.53781512605042,1,0.0,-41.0
2023-04-02,22022,Milwaukee Bucks,117.0,104.0,W,124.15110356536503,1,1.0,13.0
2023-04-04,22022,Milwaukee Bucks,140.0,128.0,W,126.39942217407005,0,1.0,12.0
2023-04-05,22022,Milwaukee Bucks,105.0,92.0,W,108.4262701363073,1,1.0,13.0
2023-04-07,22022,Milwaukee Bucks,114.0,137.0,L,108.73712323540632,1,0.0,-23.0
2023-04-09,22022,Milwaukee Bucks,105.0,121.0,L,106.88110749185668,0,0.0,-16.0
2023-04-16,42022,Milwaukee Bucks,117.0,130.0,L,110.7115821347464,1,0.0,-13.0
2023-04-19,42022,Milwaukee Bucks,138.0,122.0,W,132.0321469575201,1,1.0,16.0
2023-04-22,42022,Milwaukee Bucks,99.0,121.0,L,98.7235739928201,0,0.0,-22.0
2023-04-24,42022,Milwaukee Bucks,114.0,119.0,L,109.82658959537572,0,0.0,-5.0
2023-04-26,42022,Milwaukee Bucks,126.0,128.0,L,107.87671232876713,1,0.0,-2.0
2023-03-10,22022,Minnesota Timberwolves,123.0,124.0,L,109.08123448031218,1,0.0,-1.0
2023-03-13,22022,Minnesota Timberwolves,136.0,115.0,W,123.50163458045769,0,1.0,21.0
2023-03-15,22022,Minnesota Timberwolves,102.0,104.0,L,103.36441021483583,1,0.0,-2.0
2023-03-17,22022,Minnesota Timberwolves,131.0,139.0,L,113.28260117606364,0,0.0,-8.0
2023-03-18,22022,Minnesota Timberwolves,107.0,122.0,L,103.56174990321333,0,0.0,-15.0
2023-03-20,22022,Minnesota Timberwolves,140.0,134.0,W,133.23182337266843,0,1.0,6.0
2023-03-22,22022,Minnesota Timberwolves,125.0,124.0,W,119.32035127911416,1,1.0,1.0
2023-03-26,22022,Minnesota Timberwolves,99.0,96.0,W,100.0,0,1.0,3.0
2023-03-27,22022,Minnesota Timberwolves,119.0,115.0,W,124.01000416840348,0,1.0,4.0
2023-03-29,22022,Minnesota Timberwolves,100.0,107.0,L,99.7207818109294,0,0.0,-7.0
2023-03-31,22022,Minnesota Timberwolves,111.0,123.0,L,103.39046199701937,1,0.0,-12.0
2023-04-02,22022,Minnesota Timberwolves,105.0,107.0,L,104.87415101877747,1,0.0,-2.0
2023-04-04,22022,Minnesota Timberwolves,107.0,102.0,W,107.34349919743178,0,1.0,5.0
2023-04-08,22022,Minnesota Timberwolves,151.0,131.0,W,140.0,0,1.0,20.0
2023-04-09,22022,Minnesota Timberwolves,113.0,108.0,W,107.98929663608563,1,1.0,5.0
2023-04-16,42022,Minnesota Timberwolves,80.0,109.0,L,84.17508417508417,0,0.0,-29.0
2023-04-19,42022,Minnesota Timberwolves,113.0,122.0,L,121.34879725085909,0,0.0,-9.0
2023-04-21,42022,Minnesota Timberwolves,111.0,120.0,L,109.46745562130178,1,0.0,-9.0
2023-04-23,42022,Minnesota Timberwolves,114.0,108.0,W,113.2300357568534,1,1.0,6.0
2023-04-25,42022,Minnesota Timberwolves,109.0,112.0,L,111.22448979591837,0,0.0,-3.0
2012-03-19,22011,New Jersey Nets,100.0,105.0,L,103.47682119205297,1,0.0,-5.0
2012-03-21,22011,New Jersey Nets,89.0,108.0,L,92.82436378806842,1,0.0,-19.0
2012-03-23,22011,New Jersey Nets,84.0,93.0,L,95.19492293744334,0,0.0,-9.0
2012-03-24,22011,New Jersey Nets,102.0,89.0,W,106.60535117056855,1,1.0,13.0
2012-03-26,22011,New Jersey Nets,84.0,105.0,L,87.1369294605809,1,0.0,-21.0
2012-03-28,22011,New Jersey Nets,100.0,84.0,W,112.86681715575622,1,1.0,16.0
2012-03-30,22011,New Jersey Nets,102.0,100.0,W,104.93827160493827,0,1.0,2.0
2012-03-31,22011,New Jersey Nets,111.0,99.0,W,105.91603053435115,0,1.0,12.0
2012-04-03,22011,New Jersey Nets,87.0,91.0,L,99.31506849315069,0,0.0,-4.0
2012-04-04,22011,New Jersey Nets,88.0,101.0,L,92.28187919463087,0,0.0,-13.0
2012-04-06,22011,New Jersey Nets,110.0,98.0,W,119.09917713295799,1,1.0,12.0
2012-04-08,22011,New Jersey Nets,122.0,117.0,W,116.10201751046823,1,1.0,5.0
2012-04-10,22011,New Jersey Nets,88.0,107.0,L,87.78930566640064,1,0.0,-19.0
2012-04-13,22011,New Jersey Nets,95.0,89.0,W,96.07605177993528,0,1.0,6.0
2012-04-14,22011,New Jersey Nets,82.0,94.0,L,87.0858113848768,1,0.0,-12.0
2012-04-16,22011,New Jersey Nets,98.0,101.0,L,102.04081632653062,1,0.0,-3.0
2012-04-18,22011,New Jersey Nets,95.0,104.0,L,101.62601626016259,1,0.0,-9.0
2012-04-21,22011,New Jersey Nets,95.0,106.0,L,93.50393700787401,0,0.0,-11.0
2012-04-23,22011,New Jersey Nets,87.0,105.0,L,96.53794940079892,1,0.0,-18.0
2012-04-26,22011,New Jersey Nets,67.0,98.0,L,80.0,0,0.0,-31.0
2012-03-22,22011,New Orleans Hornets,97.0,90.0,W,110.27739881764438,1,1.0,7.0
2012-03-24,22011,New Orleans Hornets,86.0,89.0,L,94.21560035056967,1,0.0,-3.0
2012-03-26,22011,New Orleans Hornets,85.0,97.0,L,88.87494772061899,0,0.0,-12.0
2012-03-28,22011,New Orleans Hornets,102.0,87.0,W,122.65512265512267,0,1.0,15.0
2012-03-29,22011,New Orleans Hornets,93.0,99.0,L,109.10370717972783,0,0.0,-6.0
2012-03-31,22011,New Orleans Hornets,85.0,88.0,L,94.02654867256636,0,0.0,-3.0
2012-04-01,22011,New Orleans Hornets,75.0,92.0,L,82.45382585751979,0,0.0,-17.0
2012-04-04,22011,New Orleans Hornets,94.0,92.0,W,108.19521178637201,1,1.0,2.0
2012-04-06,22011,New Orleans Hornets,103.0,128.0,L,104.67479674796746,0,0.0,-25.0
2012-04-07,22011,New Orleans Hornets,99.0,90.0,W,108.36252189141857,1,1.0,9.0
2012-04-09,22011,New Orleans Hornets,91.0,93.0,L,109.11270983213429,1,0.0,-2.0
2012-04-11,22011,New Orleans Hornets,105.0,96.0,W,110.71277941796708,1,1.0,9.0
2012-04-13,22011,New Orleans Hornets,96.0,85.0,W,115.32916866890919,1,1.0,11.0
2012-04-15,22011,New Orleans Hornets,88.0,75.0,W,99.72801450589303,1,1.0,13.0
2012-04-16,22011,New Orleans Hornets,75.0,67.0,W,83.33333333333334,0,1.0,8.0
2012-04-18,22011,New Orleans Hornets,91.0,103.0,L,101.426660722247,0,0.0,-12.0
2012-04-19,22011,New Orleans Hornets,105.0,99.0,W,102.37909516380654,1,1.0,6.0
2012-04-22,22011,New Orleans Hornets,98.0,107.0,L,101.07260726072607,0,0.0,-9.0
2012-04-24,22011,New Orleans Hornets,83.0,81.0,W,98.06238185255198,0,1.0,2.0
2012-04-26,22011,New Orleans Hornets,77.0,84.0,L,84.4298245614035,0,0.0,-7.0
2023-03-01,22022,New Orleans Pelicans,121.0,110.0,W,128.55928601784953,0,1.0,11.0
2023-03-03,22022,New Orleans Pelicans,99.0,108.0,L,104.34232715008432,0,0.0,-9.0
2023-03-06,22022,New Orleans Pelicans,108.0,123.0,L,113.49306431273645,0,0.0,-15.0
2023-03-08,22022,New Orleans Pelicans,113.0,106.0,W,116.59100288898061,1,1.0,7.0
2023-03-11,22022,New Orleans Pelicans,96.0,110.0,L,92.87925696594426,1,0.0,-14.0
2023-03-12,22022,New Orleans Pelicans,127.0,110.0,W,120.08320726172465,1,1.0,17.0
2023-03-14,22022,New Orleans Pelicans,108.0,123.0,L,104.04624277456647,1,0.0,-15.0
2023-03-17,22022,New Orleans Pelicans,112.0,114.0,L,119.14893617021276,0,0.0,-2.0
2023-03-19,22022,New Orleans Pelicans,117.0,107.0,W,122.4361657597321,0,1.0,10.0
2023-03-21,22022,New Orleans Pelicans,119.0,84.0,W,116.52957305131217,1,1.0,35.0
2023-03-23,22022,New Orleans Pelicans,115.0,96.0,W,109.94263862332696,1,1.0,19.0
2023-03-25,22022,New Orleans Pelicans,131.0,110.0,W,126.01000384763373,0,1.0,21.0
2023-03-27,22022,New Orleans Pelicans,124.0,90.0,W,120.9992193598751,0,1.0,34.0
2023-03-28,22022,New Orleans Pelicans,109.0,120.0,L,104.64669738863289,0,0.0,-11.0
2023-03-30,22022,New Orleans Pelicans,107.0,88.0,W,114.21861656703672,0,1.0,19.0
2023-04-01,22022,New Orleans Pelicans,122.0,114.0,W,129.23728813559322,1,1.0,8.0
2023-04-04,22022,New Orleans Pelicans,103.0,121.0,L,102.10150674068201,1,0.0,-18.0
2023-04-05,22022,New Orleans Pelicans,138.0,131.0,W,121.95121951219512,1,1.0,7.0
2023-04-07,22022,New Orleans Pelicans,113.0,105.0,W,117.95407098121086,1,1.0,8.0
2023-04-09,22022,New Orleans Pelicans,108.0,113.0,L,101.16148370176094,0,0.0,-5.0
2007-03-10,22006,New Orleans/Oklahoma City Hornets,86.0,96.0,L,94.13309982486865,0,0.0,-10.0
2007-03-13,22006,New Orleans/Oklahoma City Hornets,108.0,112.0,L,116.27906976744187,1,0.0,-4.0
2007-03-16,22006,New Orleans/Oklahoma City Hornets,92.0,90.0,W,108.38831291234685,0,1.0,2.0
2007-03-17,22006,New Orleans/Oklahoma City Hornets,103.0,125.0,L,107.6505016722408,0,0.0,-22.0
2007-03-19,22006,New Orleans/Oklahoma City Hornets,106.0,88.0,W,112.09813874788495,1,1.0,18.0
2007-03-20,22006,New Orleans/Oklahoma City Hornets,114.0,103.0,W,126.05042016806722,0,1.0,11.0
2007-03-23,22006,New Orleans/Oklahoma City Hornets,105.0,111.0,L,105.25260625501203,1,0.0,-6.0
2007-03-25,22006,New Orleans/Oklahoma City Hornets,106.0,94.0,W,114.07662505380974,1,1.0,12.0
2007-03-27,22006,New Orleans/Oklahoma City Hornets,89.0,105.0,L,98.97686832740213,1,0.0,-16.0
2007-03-28,22006,New Orleans/Oklahoma City Hornets,88.0,92.0,L,96.91629955947137,0,0.0,-4.0
2007-03-31,22006,New Orleans/Oklahoma City Hornets,103.0,94.0,W,109.11016949152541,1,1.0,9.0
2007-04-03,22006,New Orleans/Oklahoma City Hornets,119.0,101.0,W,119.42994781212364,0,1.0,18.0
2007-04-04,22006,New Orleans/Oklahoma City Hornets,101.0,92.0,W,102.68401789345263,1,1.0,9.0
2007-04-06,22006,New Orleans/Oklahoma City Hornets,95.0,103.0,L,100.29560810810811,1,0.0,-8.0
2007-04-07,22006,New Orleans/Oklahoma City Hornets,96.0,94.0,W,95.31374106433678,0,1.0,2.0
2007-04-10,22006,New Orleans/Oklahoma City Hornets,103.0,100.0,W,105.9670781893004,1,1.0,3.0
2007-04-13,22006,New Orleans/Oklahoma City Hornets,105.0,107.0,L,111.65461505742236,1,0.0,-2.0
2007-04-14,22006,New Orleans/Oklahoma City Hornets,112.0,123.0,L,116.91022964509395,0,0.0,-11.0
2007-04-16,22006,New Orleans/Oklahoma City Hornets,125.0,118.0,W,125.40128410914926,0,1.0,7.0
2007-04-18,22006,New Orleans/Oklahoma City Hornets,86.0,83.0,W,102.57633587786259,0,1.0,3.0
2023-03-22,22022,New York Knicks,120.0,127.0,L,118.8118811881188,0,0.0,-7.0
2023-03-23,22022,New York Knicks,106.0,111.0,L,106.59694288012874,0,0.0,-5.0
2023-03-27,22022,New York Knicks,137.0,115.0,W,133.89366692728694,1,1.0,22.0
2023-03-29,22022,New York Knicks,101.0,92.0,W,108.46219931271477,1,1.0,9.0
2023-03-31,22022,New York Knicks,130.0,116.0,W,133.25133251332514,0,1.0,14.0
2023-04-02,22022,New York Knicks,118.0,109.0,W,116.92429647245343,1,1.0,9.0
2023-04-05,22022,New York Knicks,138.0,129.0,W,126.60550458715596,0,1.0,9.0
2023-04-07,22022,New York Knicks,105.0,113.0,L,105.21042084168337,0,0.0,-8.0
2023-04-09,22022,New York Knicks,136.0,141.0,L,119.63406052076002,1,0.0,-5.0
2023-04-15,42022,New York Knicks,101.0,97.0,W,104.46834919321472,0,1.0,4.0
2023-04-18,42022,New York Knicks,90.0,107.0,L,92.5925925925926,0,0.0,-17.0
2023-04-21,42022,New York Knicks,99.0,79.0,W,105.40885860306643,1,1.0,20.0
2023-04-23,42022,New York Knicks,102.0,93.0,W,109.30132876125163,1,1.0,9.0
2023-04-26,42022,New York Knicks,106.0,95.0,W,111.8615449556775,0,1.0,11.0
2023-04-30,42022,New York Knicks,101.0,108.0,L,105.42797494780794,1,0.0,-7.0
2023-05-02,42022,New York Knicks,111.0,105.0,W,116.59663865546217,1,1.0,6.0
2023-05-06,42022,New York Knicks,86.0,105.0,L,86.2760834670947,0,0.0,-19.0
2023-05-08,42022,New York Knicks,101.0,109.0,L,105.69275847634994,0,0.0,-8.0
2023-05-10,42022,New York Knicks,112.0,103.0,W,119.65811965811966,1,1.0,9.0
2023-05-12,42022,New York Knicks,92.0,96.0,L,103.27795240233498,0,0.0,-4.0
2023-03-03,22022,Oklahoma City Thunder,130.0,103.0,W,122.45666917859835,1,1.0,27.0
2023-03-05,22022,Oklahoma City Thunder,129.0,119.0,W,125.8291065158018,1,1.0,10.0
2023-03-07,22022,Oklahoma City Thunder,137.0,128.0,W,125.04563709382985,1,1.0,9.0
2023-03-08,22022,Oklahoma City Thunder,101.0,132.0,L,95.06777108433735,0,0.0,-31.0
2023-03-11,22022,Oklahoma City Thunder,110.0,96.0,W,107.75862068965519,0,1.0,14.0
2023-03-12,22022,Oklahoma City Thunder,102.0,90.0,W,99.882491186839,0,1.0,12.0
2023-03-14,22022,Oklahoma City Thunder,121.0,107.0,W,114.02186204297023,1,1.0,14.0
2023-03-16,22022,Oklahoma City Thunder,111.0,128.0,L,105.91603053435115,0,0.0,-17.0
2023-03-19,22022,Oklahoma City Thunder,124.0,120.0,W,112.89147851420248,1,1.0,4.0
2023-03-21,22022,Oklahoma City Thunder,101.0,100.0,W,101.85558693021379,0,1.0,1.0
2023-03-23,22022,Oklahoma City Thunder,105.0,127.0,L,106.23229461756374,0,0.0,-22.0
2023-03-24,22022,Oklahoma City Thunder,111.0,116.0,L,112.85075233834891,0,0.0,-5.0
2023-03-26,22022,Oklahoma City Thunder,118.0,112.0,W,113.11349693251533,0,1.0,6.0
2023-03-28,22022,Oklahoma City Thunder,134.0,137.0,L,118.83646683221001,1,0.0,-3.0
2023-03-29,22022,Oklahoma City Thunder,107.0,106.0,W,109.18367346938776,1,1.0,1.0
2023-03-31,22022,Oklahoma City Thunder,117.0,121.0,L,113.63636363636363,0,0.0,-4.0
2023-04-02,22022,Oklahoma City Thunder,118.0,128.0,L,116.78543151227238,1,0.0,-10.0
2023-04-04,22022,Oklahoma City Thunder,125.0,136.0,L,118.59582542694496,0,0.0,-11.0
2023-04-06,22022,Oklahoma City Thunder,114.0,98.0,W,109.15358100344696,0,1.0,16.0
2023-04-09,22022,Oklahoma City Thunder,115.0,100.0,W,109.48210205635947,1,1.0,15.0
2023-03-01,22022,Orlando Magic,117.0,139.0,L,108.57461024498886,0,0.0,-22.0
2023-03-03,22022,Orlando Magic,117.0,106.0,W,115.43014996053671,0,1.0,11.0
2023-03-05,22022,Orlando Magic,119.0,122.0,L,115.93920498830866,1,0.0,-3.0
2023-03-07,22022,Orlando Magic,123.0,134.0,L,110.45258620689656,1,0.0,-11.0
2023-03-09,22022,Orlando Magic,124.0,131.0,L,117.37978038621735,1,0.0,-7.0
2023-03-11,22022,Orlando Magic,126.0,114.0,W,112.70125223613596,1,1.0,12.0
2023-03-14,22022,Orlando Magic,114.0,132.0,L,111.50234741784037,0,0.0,-18.0
2023-03-16,22022,Orlando Magic,113.0,116.0,L,108.5286208221283,0,0.0,-3.0
2023-03-18,22022,Orlando Magic,113.0,108.0,W,108.65384615384615,0,1.0,5.0
2023-03-19,22022,Orlando Magic,105.0,111.0,L,100.49770290964777,0,0.0,-6.0
2023-03-21,22022,Orlando Magic,122.0,112.0,W,122.0,1,1.0,10.0
2023-03-23,22022,Orlando Magic,111.0,106.0,W,106.48503453568688,1,1.0,5.0
2023-03-26,22022,Orlando Magic,119.0,106.0,W,119.8147402335884,1,1.0,13.0
2023-03-28,22022,Orlando Magic,108.0,113.0,L,94.24083769633508,0,0.0,-5.0
2023-03-31,22022,Orlando Magic,116.0,109.0,W,111.06855610877058,0,1.0,7.0
2023-04-02,22022,Orlando Magic,128.0,102.0,W,125.98425196850394,1,1.0,26.0
2023-04-04,22022,Orlando Magic,113.0,117.0,L,117.12271973466002,1,0.0,-4.0
2023-04-06,22022,Orlando Magic,94.0,118.0,L,90.07282483710235,1,0.0,-24.0
2023-04-07,22022,Orlando Magic,84.0,101.0,L,83.59872611464968,0,0.0,-17.0
2023-04-09,22022,Orlando Magic,110.0,123.0,L,108.31035840882237,0,0.0,-13.0
2023-03-25,22022,Philadelphia 76ers,105.0,125.0,L,110.66610455311974,0,0.0,-20.0
2023-03-27,22022,Philadelphia 76ers,111.0,116.0,L,112.48479935143898,0,0.0,-5.0
2023-03-29,22022,Philadelphia 76ers,116.0,108.0,W,124.46351931330473,1,1.0,8.0
2023-03-31,22022,Philadelphia 76ers,117.0,110.0,W,125.80645161290323,1,1.0,7.0
2023-04-02,22022,Philadelphia 76ers,104.0,117.0,L,112.16566005176878,0,0.0,-13.0
2023-04-04,22022,Philadelphia 76ers,103.0,101.0,W,113.13708260105449,1,1.0,2.0
2023-04-06,22022,Philadelphia 76ers,101.0,129.0,L,104.55486542443064,1,0.0,-28.0
2023-04-07,22022,Philadelphia 76ers,136.0,131.0,W,111.69513797634691,0,1.0,5.0
2023-04-09,22022,Philadelphia 76ers,134.0,105.0,W,122.53108997805413,0,1.0,29.0
2023-04-15,42022,Philadelphia 76ers,121.0,101.0,W,132.90861159929702,1,1.0,20.0
2023-04-17,42022,Philadelphia 76ers,96.0,84.0,W,103.18142734307824,1,1.0,12.0
2023-04-20,42022,Philadelphia 76ers,102.0,97.0,W,111.20802442215438,0,1.0,5.0
2023-04-22,42022,Philadelphia 76ers,96.0,88.0,W,103.18142734307824,0,1.0,8.0
2023-05-01,42022,Philadelphia 76ers,119.0,115.0,W,126.21977089520577,0,1.0,4.0
2023-05-03,42022,Philadelphia 76ers,87.0,121.0,L,90.51186017478152,0,0.0,-34.0
2023-05-05,42022,Philadelphia 76ers,102.0,114.0,L,107.50421585160204,1,0.0,-12.0
2023-05-07,42022,Philadelphia 76ers,116.0,115.0,W,118.75511875511874,1,1.0,1.0
2023-05-09,42022,Philadelphia 76ers,115.0,103.0,W,121.20573355817876,0,1.0,12.0
2023-05-11,42022,Philadelphia 76ers,86.0,95.0,L,88.33196384552178,1,0.0,-9.0
2023-05-14,42022,Philadelphia 76ers,88.0,112.0,L,89.46726311508743,0,0.0,-24.0
2023-03-25,22022,Phoenix Suns,125.0,105.0,W,129.72187629721876,1,1.0,20.0
2023-03-27,22022,Phoenix Suns,117.0,103.0,W,117.37560192616372,0,1.0,14.0
2023-03-29,22022,Phoenix Suns,107.0,100.0,W,106.06661379857256,1,1.0,7.0
2023-03-31,22022,Phoenix Suns,100.0,93.0,W,99.76057462090982,1,1.0,7.0
2023-04-02,22022,Phoenix Suns,128.0,118.0,W,126.3324121594947,0,1.0,10.0
2023-04-04,22022,Phoenix Suns,115.0,94.0,W,115.64762670957363,1,1.0,21.0
2023-04-06,22022,Phoenix Suns,119.0,115.0,W,127.95698924731182,1,1.0,4.0
2023-04-07,22022,Phoenix Suns,107.0,121.0,L,100.79125847776942,0,0.0,-14.0
2023-04-09,22022,Phoenix Suns,114.0,119.0,L,109.9537037037037,1,0.0,-5.0
2023-04-16,42022,Phoenix Suns,110.0,115.0,L,109.43095901313171,1,0.0,-5.0
2023-04-18,42022,Phoenix Suns,123.0,109.0,W,129.25598991172762,1,1.0,14.0
2023-04-20,42022,Phoenix Suns,129.0,124.0,W,121.42319277108436,0,1.0,5.0
2023-04-22,42022,Phoenix Suns,112.0,100.0,W,112.13456147376853,0,1.0,12.0
2023-04-25,42022,Phoenix Suns,136.0,130.0,W,132.60530421216848,1,1.0,6.0
2023-04-29,42022,Phoenix Suns,107.0,125.0,L,107.55930840369923,0,0.0,-18.0
2023-05-01,42022,Phoenix Suns,87.0,97.0,L,90.43659043659044,0,0.0,-10.0
2023-05-05,42022,Phoenix Suns,121.0,114.0,W,115.32596263820054,1,1.0,7.0
2023-05-07,42022,Phoenix Suns,129.0,124.0,W,136.13338961587166,1,1.0,5.0
2023-05-09,42022,Phoenix Suns,102.0,118.0,L,101.43198090692125,0,0.0,-16.0
2023-05-11,42022,Phoenix Suns,100.0,125.0,L,100.20040080160322,1,0.0,-25.0
2023-03-03,22022,Portland Trail Blazers,111.0,129.0,L,105.91603053435115,0,0.0,-18.0
2023-03-05,22022,Portland Trail Blazers,122.0,119.0,W,116.10201751046823,0,1.0,3.0
2023-03-06,22022,Portland Trail Blazers,110.0,104.0,W,115.78947368421053,0,1.0,6.0
2023-03-08,22022,Portland Trail Blazers,93.0,115.0,L,89.5263765883712,0,0.0,-22.0
2023-03-10,22022,Portland Trail Blazers,119.0,120.0,L,122.42798353909465,0,0.0,-1.0
2023-03-12,22022,Portland Trail Blazers,110.0,127.0,L,103.96975425330812,0,0.0,-17.0
2023-03-14,22022,Portland Trail Blazers,107.0,123.0,L,99.14751667902149,1,0.0,-16.0
2023-03-17,22022,Portland Trail Blazers,112.0,126.0,L,108.06638363566191,1,0.0,-14.0
2023-03-19,22022,Portland Trail Blazers,102.0,117.0,L,105.63380281690141,1,0.0,-15.0
2023-03-22,22022,Portland Trail Blazers,127.0,115.0,W,117.37523105360444,0,1.0,12.0
2023-03-24,22022,Portland Trail Blazers,96.0,124.0,L,96.07686148919136,1,0.0,-28.0
2023-03-26,22022,Portland Trail Blazers,112.0,118.0,L,107.8167115902965,1,0.0,-6.0
2023-03-27,22022,Portland Trail Blazers,90.0,124.0,L,87.71929824561404,1,0.0,-34.0
2023-03-29,22022,Portland Trail Blazers,80.0,120.0,L,80.0,1,0.0,-40.0
2023-03-31,22022,Portland Trail Blazers,114.0,138.0,L,107.42555597436862,1,0.0,-24.0
2023-04-02,22022,Portland Trail Blazers,107.0,105.0,W,106.15079365079364,0,1.0,2.0
2023-04-04,22022,Portland Trail Blazers,109.0,119.0,L,107.4103271580607,0,0.0,-10.0
2023-04-06,22022,Portland Trail Blazers,127.0,129.0,L,113.47390993566833,0,0.0,-2.0
2023-04-08,22022,Portland Trail Blazers,125.0,136.0,L,122.40501370936153,0,0.0,-11.0
2023-04-09,22022,Portland Trail Blazers,101.0,157.0,L,88.93976752377598,1,0.0,-56.0
2023-03-18,22022,Sacramento Kings,132.0,118.0,W,135.9143327841845,0,1.0,14.0
2023-03-20,22022,Sacramento Kings,120.0,128.0,L,113.20754716981132,0,0.0,-8.0
2023-03-21,22022,Sacramento Kings,109.0,132.0,L,115.66213921901529,1,0.0,-23.0
2023-03-24,22022,Sacramento Kings,135.0,127.0,W,132.24921630094045,1,1.0,8.0
2023-03-25,22022,Sacramento Kings,121.0,113.0,W,121.92664248286982,1,1.0,8.0
2023-03-27,22022,Sacramento Kings,115.0,119.0,L,115.46184738955824,1,0.0,-4.0
2023-03-29,22022,Sacramento Kings,120.0,80.0,W,117.00468018720748,0,1.0,40.0
2023-03-31,22022,Sacramento Kings,138.0,114.0,W,138.5542168674699,0,1.0,24.0
2023-04-02,22022,Sacramento Kings,134.0,142.0,L,112.52939200537453,1,0.0,-8.0
2023-04-04,22022,Sacramento Kings,121.0,103.0,W,122.71805273833671,0,1.0,18.0
2023-04-05,22022,Sacramento Kings,119.0,123.0,L,117.40331491712708,0,0.0,-4.0
2023-04-07,22022,Sacramento Kings,97.0,119.0,L,97.07766212970375,1,0.0,-22.0
2023-04-09,22022,Sacramento Kings,95.0,109.0,L,98.34368530020704,0,0.0,-14.0
2023-04-15,42022,Sacramento Kings,126.0,123.0,W,116.580310880829,1,1.0,3.0
2023-04-17,42022,Sacramento Kings,114.0,106.0,W,106.78156612963656,1,1.0,8.0
2023-04-20,42022,Sacramento Kings,97.0,114.0,L,93.16173645793316,0,0.0,-17.0
2023-04-23,42022,Sacramento Kings,125.0,126.0,L,115.82653817642698,0,0.0,-1.0
2023-04-26,42022,Sacramento Kings,116.0,123.0,L,106.97159719660642,1,0.0,-7.0
2023-04-28,42022,Sacramento Kings,118.0,99.0,W,105.35714285714286,0,1.0,19.0
2023-04-30,42022,Sacramento Kings,100.0,120.0,L,98.15469179426776,1,0.0,-20.0
2023-03-02,22022,San Antonio Spurs,110.0,99.0,W,102.11659858893427,1,1.0,11.0
2023-03-04,22022,San Antonio Spurs,110.0,122.0,L,113.63636363636364,1,0.0,-12.0
2023-03-05,22022,San Antonio Spurs,110.0,142.0,L,105.52570990023025,0,0.0,-32.0
2023-03-10,22022,San Antonio Spurs,128.0,120.0,W,119.09192407889839,1,1.0,8.0
2023-03-12,22022,San Antonio Spurs,90.0,102.0,L,85.42141230068337,1,0.0,-12.0
2023-03-14,22022,San Antonio Spurs,132.0,114.0,W,130.79667063020213,1,1.0,18.0
2023-03-15,22022,San Antonio Spurs,128.0,137.0,L,113.83849163998576,1,0.0,-9.0
2023-03-17,22022,San Antonio Spurs,120.0,126.0,L,104.56605088881143,1,0.0,-6.0
2023-03-19,22022,San Antonio Spurs,126.0,118.0,W,122.28260869565217,1,1.0,8.0
2023-03-21,22022,San Antonio Spurs,84.0,119.0,L,82.87292817679558,0,0.0,-35.0
2023-03-22,22022,San Antonio Spurs,94.0,130.0,L,83.33333333333334,0,0.0,-36.0
2023-03-24,22022,San Antonio Spurs,124.0,136.0,L,122.04724409448819,0,0.0,-12.0
2023-03-26,22022,San Antonio Spurs,93.0,137.0,L,83.09506790564689,0,0.0,-44.0
2023-03-29,22022,San Antonio Spurs,117.0,128.0,L,106.13207547169812,1,0.0,-11.0
2023-03-31,22022,San Antonio Spurs,115.0,130.0,L,112.61261261261262,0,0.0,-15.0
2023-04-02,22022,San Antonio Spurs,142.0,134.0,W,123.73649355176019,0,1.0,8.0
2023-04-04,22022,San Antonio Spurs,94.0,115.0,L,94.79628882613957,0,0.0,-21.0
2023-04-06,22022,San Antonio Spurs,129.0,127.0,W,111.86264308012488,1,1.0,2.0
2023-04-08,22022,San Antonio Spurs,131.0,151.0,L,120.67059690493736,1,0.0,-20.0
2023-04-09,22022,San Antonio Spurs,138.0,117.0,W,118.76075731497417,0,1.0,21.0
2008-03-09,22007,Seattle SuperSonics,106.0,114.0,L,104.04397330192383,0,0.0,-8.0
2008-03-11,22007,Seattle SuperSonics,107.0,114.0,L,102.76603918555512,0,0.0,-7.0
2008-03-12,22007,Seattle SuperSonics,82.0,111.0,L,80.0,0,0.0,-29.0
2008-03-14,22007,Seattle SuperSonics,116.0,121.0,L,113.10452418096723,1,0.0,-5.0
2008-03-16,22007,Seattle SuperSonics,116.0,168.0,L,97.41350352704065,0,0.0,-52.0
2008-03-19,22007,Seattle SuperSonics,98.0,110.0,L,97.45425616547335,1,0.0,-12.0
2008-03-21,22007,Seattle SuperSonics,105.0,130.0,L,109.10224438902745,0,0.0,-25.0
2008-03-22,22007,Seattle SuperSonics,101.0,115.0,L,102.020202020202,0,0.0,-14.0
2008-03-24,22007,Seattle SuperSonics,97.0,84.0,W,110.7811786203746,1,1.0,13.0
2008-03-26,22007,Seattle SuperSonics,99.0,104.0,L,106.95764909248055,1,0.0,-5.0
2008-03-28,22007,Seattle SuperSonics,93.0,96.0,L,96.83465222823823,1,0.0,-3.0
2008-03-30,22007,Seattle SuperSonics,107.0,120.0,L,105.31496062992127,1,0.0,-13.0
2008-04-02,22007,Seattle SuperSonics,84.0,102.0,L,84.1683366733467,1,0.0,-18.0
2008-04-04,22007,Seattle SuperSonics,66.0,79.0,L,80.0,1,0.0,-13.0
2008-04-06,22007,Seattle SuperSonics,151.0,147.0,W,114.98629302467256,1,1.0,4.0
2008-04-08,22007,Seattle SuperSonics,83.0,99.0,L,90.53228621291449,0,0.0,-16.0
2008-04-09,22007,Seattle SuperSonics,80.0,103.0,L,83.89261744966443,0,0.0,-23.0
2008-04-11,22007,Seattle SuperSonics,74.0,95.0,L,80.0,0,0.0,-21.0
2008-04-13,22007,Seattle SuperSonics,99.0,95.0,W,102.1039603960396,1,1.0,4.0
2008-04-16,22007,Seattle SuperSonics,126.0,121.0,W,119.22785768357305,0,1.0,5.0
2023-02-28,22022,Toronto Raptors,104.0,98.0,W,109.06040268456377,1,1.0,6.0
2023-03-02,22022,Toronto Raptors,108.0,119.0,L,107.48407643312102,0,0.0,-11.0
2023-03-04,22022,Toronto Raptors,116.0,109.0,W,115.81469648562302,0,1.0,7.0
2023-03-06,22022,Toronto Raptors,113.0,118.0,L,114.37246963562752,0,0.0,-5.0
2023-03-08,22022,Toronto Raptors,100.0,108.0,L,100.8471157724889,0,0.0,-8.0
2023-03-10,22022,Toronto Raptors,112.0,122.0,L,111.19936457505956,0,0.0,-10.0
2023-03-14,22022,Toronto Raptors,125.0,110.0,W,128.23143208863357,1,1.0,15.0
2023-03-16,22022,Toronto Raptors,128.0,111.0,W,127.59170653907496,1,1.0,17.0
2023-03-18,22022,Toronto Raptors,122.0,107.0,W,115.9255036107944,1,1.0,15.0
2023-03-19,22022,Toronto Raptors,111.0,118.0,L,108.52561595619868,0,0.0,-7.0
2023-03-22,22022,Toronto Raptors,114.0,118.0,L,110.50794881737107,1,0.0,-4.0
2023-03-24,22022,Toronto Raptors,118.0,97.0,W,117.10996427153633,1,1.0,21.0
2023-03-26,22022,Toronto Raptors,114.0,104.0,W,113.95441823270691,1,1.0,10.0
2023-03-28,22022,Toronto Raptors,106.0,92.0,W,116.53474054529465,1,1.0,14.0
2023-03-31,22022,Toronto Raptors,110.0,117.0,L,118.12714776632302,0,0.0,-7.0
2023-04-02,22022,Toronto Raptors,128.0,108.0,W,127.33784321528054,0,1.0,20.0
2023-04-04,22022,Toronto Raptors,120.0,100.0,W,123.30456226880395,0,1.0,20.0
2023-04-05,22022,Toronto Raptors,93.0,97.0,L,96.39303482587064,0,0.0,-4.0
2023-04-07,22022,Toronto Raptors,102.0,121.0,L,105.72139303482587,0,0.0,-19.0
2023-04-09,22022,Toronto Raptors,121.0,105.0,W,116.30142252979623,1,1.0,16.0
2023-02-28,22022,Utah Jazz,94.0,102.0,L,87.98202920254586,1,0.0,-8.0
2023-03-03,22022,Utah Jazz,103.0,130.0,L,98.92431809450633,0,0.0,-27.0
2023-03-05,22022,Utah Jazz,119.0,129.0,L,114.55525606469004,0,0.0,-10.0
2023-03-07,22022,Utah Jazz,116.0,120.0,L,102.65486725663717,0,0.0,-4.0
2023-03-09,22022,Utah Jazz,131.0,124.0,W,125.67152724481964,0,1.0,7.0
2023-03-11,22022,Utah Jazz,119.0,111.0,W,115.75875486381324,0,1.0,8.0
2023-03-13,22022,Utah Jazz,115.0,119.0,L,115.09207365892713,0,0.0,-4.0
2023-03-18,22022,Utah Jazz,118.0,117.0,W,122.0521307405875,1,1.0,1.0
2023-03-20,22022,Utah Jazz,128.0,120.0,W,122.93507491356127,1,1.0,8.0
2023-03-22,22022,Utah Jazz,115.0,127.0,L,106.63946587537092,1,0.0,-12.0
2023-03-24,22022,Utah Jazz,116.0,144.0,L,105.4929065114587,1,0.0,-28.0
2023-03-25,22022,Utah Jazz,113.0,121.0,L,108.61207227989233,0,0.0,-8.0
2023-03-27,22022,Utah Jazz,103.0,117.0,L,102.10150674068201,1,0.0,-14.0
2023-03-29,22022,Utah Jazz,128.0,117.0,W,119.85018726591761,0,1.0,11.0
2023-03-31,22022,Utah Jazz,114.0,122.0,L,106.38297872340425,0,0.0,-8.0
2023-04-02,22022,Utah Jazz,110.0,111.0,L,105.56621880998081,0,0.0,-1.0
2023-04-04,22022,Utah Jazz,133.0,135.0,L,119.13292726621283,1,0.0,-2.0
2023-04-06,22022,Utah Jazz,98.0,114.0,L,96.0407683261466,1,0.0,-16.0
2023-04-08,22022,Utah Jazz,118.0,114.0,W,108.13782991202345,1,1.0,4.0
2023-04-09,22022,Utah Jazz,117.0,128.0,L,108.69565217391303,0,0.0,-11.0
2001-03-09,22000,Vancouver Grizzlies,95.0,85.0,W,110.7742537313433,1,1.0,10.0
2001-03-11,22000,Vancouver Grizzlies,84.0,101.0,L,92.51101321585904,1,0.0,-17.0
2001-03-13,22000,Vancouver Grizzlies,99.0,109.0,L,109.03083700440529,0,0.0,-10.0
2001-03-14,22000,Vancouver Grizzlies,95.0,100.0,L,98.01898472967395,0,0.0,-5.0
2001-03-16,22000,Vancouver Grizzlies,99.0,103.0,L,108.55263157894737,0,0.0,-4.0
2001-03-17,22000,Vancouver Grizzlies,81.0,95.0,L,92.12920837124659,0,0.0,-14.0
2001-03-20,22000,Vancouver Grizzlies,90.0,104.0,L,93.98496240601504,0,0.0,-14.0
2001-03-22,22000,Vancouver Grizzlies,95.0,109.0,L,108.54661791590495,0,0.0,-14.0
2001-03-23,22000,Vancouver Grizzlies,75.0,95.0,L,80.0,0,0.0,-20.0
2001-03-25,22000,Vancouver Grizzlies,92.0,102.0,L,98.41677364142062,0,0.0,-10.0
2001-03-29,22000,Vancouver Grizzlies,89.0,68.0,W,98.84495779653487,1,1.0,21.0
2001-04-01,22000,Vancouver Grizzlies,73.0,92.0,L,83.56227106227107,1,0.0,-19.0
2001-04-04,22000,Vancouver Grizzlies,86.0,78.0,W,96.49910233393177,1,1.0,8.0
2001-04-06,22000,Vancouver Grizzlies,90.0,118.0,L,94.26057813154587,1,0.0,-28.0
2001-04-07,22000,Vancouver Grizzlies,97.0,98.0,L,99.4259942599426,0,0.0,-1.0
2001-04-10,22000,Vancouver Grizzlies,91.0,104.0,L,96.89097103918229,1,0.0,-13.0
2001-04-12,22000,Vancouver Grizzlies,87.0,100.0,L,98.90859481582538,1,0.0,-13.0
2001-04-14,22000,Vancouver Grizzlies,95.0,100.0,L,104.21237384817903,1,0.0,-5.0
2001-04-16,22000,Vancouver Grizzlies,100.0,110.0,L,97.20062208398134,0,0.0,-10.0
2001-04-18,22000,Vancouver Grizzlies,95.0,81.0,W,107.66092475067997,0,1.0,14.0
2023-03-04,22022,Washington Wizards,109.0,116.0,L,109.34991974317816,1,0.0,-7.0
2023-03-05,22022,Washington Wizards,111.0,117.0,L,108.52561595619868,1,0.0,-6.0
2023-03-07,22022,Washington Wizards,119.0,117.0,W,125.95258255715495,0,1.0,2.0
2023-03-08,22022,Washington Wizards,120.0,122.0,L,115.96443757247776,1,0.0,-2.0
2023-03-10,22022,Washington Wizards,107.0,114.0,L,102.96381832178598,1,0.0,-7.0
2023-03-12,22022,Washington Wizards,93.0,112.0,L,94.78189971463513,0,0.0,-19.0
2023-03-14,22022,Washington Wizards,117.0,97.0,W,117.37560192616372,1,1.0,20.0
2023-03-17,22022,Washington Wizards,94.0,117.0,L,98.12108559498957,0,0.0,-23.0
2023-03-18,22022,Washington Wizards,118.0,132.0,L,116.97065820777162,1,0.0,-14.0
2023-03-21,22022,Washington Wizards,112.0,122.0,L,108.61132660977502,0,0.0,-10.0
2023-03-22,22022,Washington Wizards,104.0,118.0,L,114.23550087873463,1,0.0,-14.0
2023-03-24,22022,Washington Wizards,136.0,124.0,W,135.4042214257268,1,1.0,12.0
2023-03-26,22022,Washington Wizards,104.0,114.0,L,103.17460317460319,0,0.0,-10.0
2023-03-28,22022,Washington Wizards,130.0,111.0,W,118.48341232227489,1,1.0,19.0
2023-03-31,22022,Washington Wizards,109.0,116.0,L,100.66494274104174,1,0.0,-7.0
2023-04-02,22022,Washington Wizards,109.0,118.0,L,108.00634165675783,0,0.0,-9.0
2023-04-04,22022,Washington Wizards,128.0,140.0,L,118.25572801182558,1,0.0,-12.0
2023-04-05,22022,Washington Wizards,116.0,134.0,L,107.96723752792256,0,0.0,-18.0
2023-04-07,22022,Washington Wizards,114.0,108.0,W,108.28267477203649,1,1.0,6.0
2023-04-09,22022,Washington Wizards,109.0,114.0,L,103.57278601292286,1,0.0,-5.0
