gmDate,season,team,opp,gf,ga,rslt,ortg,drtg,dayoff,s_wins,s_losses,is_home,win,pt_diff
2020-07-31,2020,ATL,NYL,84.0,78.0,Loss,101.79,94.52,1,1,1,1,1.0,6.0
2020-08-02,2020,ATL,IND,93.0,77.0,Loss,140.93,116.68,1,2,1,0,0.0,16.0
2020-08-04,2020,ATL,PHO,74.0,81.0,Win,86.9,95.12,1,2,2,1,0.0,-7.0
2020-08-06,2020,ATL,SEA,92.0,93.0,Win,107.59,108.76,1,2,3,1,0.0,-1.0
2020-08-08,2020,ATL,DAL,85.0,75.0,Loss,126.88,111.96,1,2,4,0,0.0,10.0
2020-08-10,2020,ATL,CON,93.0,82.0,Win,124.46,109.74,1,2,5,1,0.0,11.0
2020-08-12,2020,ATL,SEA,100.0,63.0,Win,161.29,101.61,1,2,6,0,1.0,37.0
2020-08-14,2020,ATL,PHO,96.0,80.0,Loss,147.69,123.08,1,3,6,0,0.0,16.0
2020-08-16,2020,ATL,CHI,67.0,92.0,Win,86.23,118.4,1,3,7,1,0.0,-25.0
2020-08-19,2020,ATL,WAS,98.0,91.0,Loss,140.02,130.02,2,3,8,0,0.0,7.0
2020-08-21,2020,ATL,LAS,85.0,93.0,Win,87.39,95.61,1,3,9,1,0.0,-8.0
2020-08-23,2020,ATL,MIN,75.0,78.0,Win,107.16,111.44,1,3,10,0,1.0,-3.0
2020-08-28,2020,ATL,MIN,79.0,88.0,Win,93.8,104.49,4,4,10,1,0.0,-9.0
2020-08-30,2020,ATL,LAS,84.0,79.0,Loss,116.67,109.72,1,4,11,0,0.0,5.0
2020-09-01,2020,ATL,IND,102.0,90.0,Win,126.9,111.97,1,4,12,1,0.0,12.0
2020-09-03,2020,ATL,NYL,56.0,62.0,Win,76.71,84.93,1,4,13,0,1.0,-6.0
2020-09-05,2020,ATL,LVA,89.0,79.0,Win,105.98,94.07,1,5,13,1,0.0,10.0
2020-09-09,2020,ATL,CHI,89.0,97.0,Win,118.67,129.33,3,5,14,0,1.0,-8.0
2020-09-11,2020,ATL,CON,82.0,75.0,Win,106.49,97.4,1,6,14,0,1.0,7.0
2020-09-13,2020,ATL,WAS,78.0,85.0,Win,106.85,116.44,1,7,14,1,0.0,-7.0
2006-06-29,2006,CHA,CHI,69.0,75.0,Loss,123.24,133.95,1,3,11,0,0.0,-6.0
2006-07-01,2006,CHA,SAC,57.0,65.0,Win,81.65,93.11,1,3,12,1,0.0,-8.0
2006-07-06,2006,CHA,CON,71.0,76.0,Loss,97.27,104.12,4,3,13,0,0.0,-5.0
2006-07-08,2006,CHA,LAS,64.0,66.0,Loss,100.02,103.14,1,3,14,0,0.0,-2.0
2006-07-09,2006,CHA,SAC,61.0,70.0,Loss,108.95,125.02,0,3,15,0,0.0,-9.0
2006-07-14,2006,CHA,SAS,81.0,65.0,Loss,102.92,82.59,4,3,16,1,1.0,16.0
2006-07-15,2006,CHA,IND,75.0,65.0,Loss,107.57,93.23,0,4,16,1,1.0,10.0
2006-07-19,2006,CHA,DET,73.0,67.0,Win,137.76,126.44,3,5,16,0,1.0,6.0
2006-07-20,2006,CHA,SEA,86.0,72.0,Loss,124.22,104.0,0,6,16,1,1.0,14.0
2006-07-22,2006,CHA,PHO,74.0,78.0,Win,98.43,103.75,1,7,16,1,0.0,-4.0
2006-07-25,2006,CHA,MIN,62.0,70.0,Win,88.14,99.52,2,7,17,1,0.0,-8.0
2006-07-27,2006,CHA,MIN,81.0,68.0,Win,98.79,82.94,1,7,18,0,1.0,13.0
2006-07-29,2006,CHA,NYL,80.0,85.0,Win,101.99,108.36,1,8,18,1,0.0,-5.0
2006-07-30,2006,CHA,WAS,73.0,78.0,Loss,110.62,118.2,0,8,19,0,0.0,-5.0
2006-08-01,2006,CHA,SAS,68.0,65.0,Win,107.95,103.19,1,8,20,0,1.0,3.0
2006-08-03,2006,CHA,PHO,84.0,112.0,Win,129.25,172.33,1,9,20,0,1.0,-28.0
2006-08-05,2006,CHA,SEA,81.0,87.0,Loss,102.54,110.14,1,10,20,0,0.0,-6.0
2006-08-08,2006,CHA,HOU,68.0,57.0,Loss,88.95,74.56,2,10,21,1,1.0,11.0
2006-08-11,2006,CHA,NYL,62.0,64.0,Loss,101.66,104.94,2,11,21,0,0.0,-2.0
2006-08-12,2006,CHA,CHI,84.0,57.0,Loss,111.97,75.98,0,11,22,1,1.0,27.0
2020-08-01,2020,CHI,WAS,88.0,86.0,Loss,102.76,100.42,1,2,1,1,1.0,2.0
2020-08-04,2020,CHI,DAL,82.0,79.0,Loss,106.63,102.73,2,3,1,1,1.0,3.0
2020-08-06,2020,CHI,PHO,96.0,86.0,Loss,157.38,140.98,1,4,1,0,0.0,10.0
2020-08-08,2020,CHI,CON,100.0,93.0,Loss,172.44,160.37,1,4,2,0,0.0,7.0
2020-08-10,2020,CHI,SEA,89.0,71.0,Loss,127.16,101.44,1,4,3,0,0.0,18.0
2020-08-12,2020,CHI,PHO,89.0,71.0,Loss,112.86,90.03,1,4,4,1,1.0,18.0
2020-08-14,2020,CHI,CON,77.0,74.0,Win,100.21,96.3,1,5,4,1,0.0,3.0
2020-08-16,2020,CHI,ATL,92.0,67.0,Win,143.77,104.7,1,5,5,0,1.0,25.0
2020-08-18,2020,CHI,LVA,82.0,84.0,Loss,100.77,103.23,1,6,5,1,1.0,-2.0
2020-08-20,2020,CHI,NYL,85.0,101.0,Loss,123.21,146.4,1,7,5,0,0.0,-16.0
2020-08-22,2020,CHI,IND,87.0,76.0,Loss,119.29,104.21,1,7,6,1,1.0,11.0
2020-08-25,2020,CHI,NYL,99.0,101.0,Loss,128.16,130.74,2,8,6,1,1.0,-2.0
2020-08-29,2020,CHI,SEA,74.0,88.0,Win,98.04,116.59,3,9,6,1,0.0,-14.0
2020-08-31,2020,CHI,IND,77.0,100.0,Loss,106.96,138.91,1,9,7,0,0.0,-23.0
2020-09-02,2020,CHI,MIN,83.0,86.0,Win,96.82,100.31,1,9,8,1,0.0,-3.0
2020-09-04,2020,CHI,WAS,79.0,69.0,Loss,123.44,107.81,1,9,9,0,0.0,10.0
2020-09-06,2020,CHI,LAS,86.0,80.0,Loss,128.38,119.42,1,9,10,0,0.0,6.0
2020-09-09,2020,CHI,ATL,97.0,89.0,Win,117.82,108.1,2,9,11,1,0.0,8.0
2020-09-11,2020,CHI,DAL,88.0,95.0,Win,106.04,114.47,1,9,12,0,1.0,-7.0
2020-09-15,2020,CHI,CON,94.0,81.0,Win,123.91,106.78,3,10,12,1,0.0,13.0
2003-07-17,2003,CLE,MIN,70.0,61.0,Loss,103.34,90.05,1,8,9,1,1.0,9.0
2003-07-19,2003,CLE,DET,57.0,58.0,Win,87.14,88.67,1,9,9,1,0.0,-1.0
2003-07-20,2003,CLE,CHA,59.0,57.0,Win,111.34,107.57,0,9,10,0,1.0,2.0
2003-07-22,2003,CLE,DET,71.0,74.0,Loss,112.7,117.46,1,10,10,0,0.0,-3.0
2003-07-26,2003,CLE,WAS,89.0,78.0,Loss,124.98,109.54,3,10,11,1,1.0,11.0
2003-07-27,2003,CLE,SAS,55.0,64.0,Loss,85.95,100.02,0,11,11,0,0.0,-9.0
2003-07-29,2003,CLE,DET,65.0,77.0,Win,110.45,130.84,1,11,12,1,0.0,-12.0
2003-08-01,2003,CLE,PHO,73.0,56.0,Loss,102.63,78.73,2,11,13,1,1.0,17.0
2003-08-03,2003,CLE,NYL,48.0,60.0,Loss,84.23,105.28,1,12,13,0,0.0,-12.0
2003-08-09,2003,CLE,IND,66.0,62.0,Win,126.95,119.25,5,12,14,0,1.0,4.0
2003-08-10,2003,CLE,IND,71.0,67.0,Loss,104.38,98.5,0,13,14,1,1.0,4.0
2003-08-16,2003,CLE,WAS,72.0,68.0,Win,133.36,125.95,5,14,14,0,1.0,4.0
2003-08-17,2003,CLE,NYL,54.0,71.0,Win,88.12,115.86,0,15,14,1,0.0,-17.0
2003-08-19,2003,CLE,CON,69.0,52.0,Loss,99.51,74.99,1,15,15,1,1.0,17.0
2003-08-21,2003,CLE,DET,56.0,71.0,Loss,100.02,126.81,1,16,15,0,0.0,-15.0
2003-08-23,2003,CLE,IND,46.0,59.0,Loss,83.65,107.29,1,16,16,0,0.0,-13.0
2003-08-25,2003,CLE,CHA,75.0,66.0,Loss,109.59,96.43,1,16,17,1,1.0,9.0
2003-08-29,2003,CLE,DET,74.0,76.0,Win,98.76,101.43,3,17,17,1,0.0,-2.0
2003-08-31,2003,CLE,DET,66.0,59.0,Win,110.02,98.35,1,17,18,0,1.0,7.0
2003-09-02,2003,CLE,DET,63.0,77.0,Loss,131.25,160.42,1,18,18,0,0.0,-14.0
2020-08-14,2020,CON,CHI,74.0,77.0,Win,121.33,126.25,1,4,5,0,1.0,-3.0
2020-08-16,2020,CON,SEA,72.0,95.0,Win,98.24,129.62,1,5,5,1,0.0,-23.0
2020-08-18,2020,CON,IND,84.0,62.0,Loss,113.07,83.46,1,5,6,1,1.0,22.0
2020-08-20,2020,CON,LVA,99.0,78.0,Loss,154.71,121.89,1,6,6,0,0.0,21.0
2020-08-22,2020,CON,NYL,82.0,65.0,Loss,102.21,81.02,1,6,7,1,1.0,17.0
2020-08-28,2020,CON,LAS,76.0,80.0,Win,94.72,99.7,5,7,7,1,0.0,-4.0
2020-08-30,2020,CON,WAS,63.0,76.0,Win,106.8,128.84,1,7,8,0,1.0,-13.0
2020-09-01,2020,CON,NYL,65.0,70.0,Win,118.18,127.27,1,8,8,0,1.0,-5.0
2020-09-03,2020,CON,LVA,78.0,93.0,Win,100.48,119.8,1,9,8,1,0.0,-15.0
2020-09-05,2020,CON,IND,77.0,96.0,Win,124.21,154.86,1,9,9,0,1.0,-19.0
2020-09-07,2020,CON,PHO,70.0,85.0,Win,116.67,141.67,1,10,9,0,1.0,-15.0
2020-09-09,2020,CON,PHO,95.0,100.0,Loss,105.15,110.68,1,11,9,1,1.0,-5.0
2020-09-11,2020,CON,ATL,75.0,82.0,Win,94.16,102.95,1,12,9,1,0.0,-7.0
2020-09-15,2020,CON,CHI,81.0,94.0,Win,135.02,156.69,3,12,10,0,1.0,-13.0
2020-09-17,2020,CON,LAS,59.0,73.0,Win,98.33,121.67,1,13,10,0,1.0,-14.0
2020-09-20,2020,CON,LVA,62.0,87.0,Win,91.18,127.94,2,14,10,0,1.0,-25.0
2020-09-22,2020,CON,LVA,83.0,75.0,Loss,127.71,115.4,1,15,10,0,0.0,8.0
2020-09-24,2020,CON,LVA,77.0,68.0,Loss,103.82,91.68,1,15,11,1,1.0,9.0
2020-09-27,2020,CON,LVA,75.0,84.0,Win,98.94,110.82,2,16,11,1,0.0,-9.0
2020-09-29,2020,CON,LVA,66.0,63.0,Loss,106.47,101.63,1,16,12,0,0.0,3.0
2020-07-31,2020,DAL,IND,76.0,73.0,Loss,102.86,98.8,1,2,0,1,1.0,3.0
2020-08-02,2020,DAL,LVA,70.0,79.0,Loss,92.11,103.95,1,3,0,0,0.0,-9.0
2020-08-04,2020,DAL,CHI,79.0,82.0,Loss,109.72,113.89,1,3,1,0,0.0,-3.0
2020-08-06,2020,DAL,CON,91.0,68.0,Win,112.65,84.18,1,3,2,1,0.0,23.0
2020-08-08,2020,DAL,ATL,75.0,85.0,Loss,103.81,117.65,1,3,3,1,1.0,-10.0
2020-08-10,2020,DAL,PHO,79.0,91.0,Win,102.11,117.62,1,4,3,1,0.0,-12.0
2020-08-12,2020,DAL,CON,66.0,70.0,Loss,111.88,118.66,1,4,4,0,0.0,-4.0
2020-08-14,2020,DAL,SEA,83.0,65.0,Win,102.48,80.26,1,4,5,1,0.0,18.0
2020-08-16,2020,DAL,PHO,89.0,95.0,Win,132.86,141.81,1,4,6,0,1.0,-6.0
2020-08-19,2020,DAL,MIN,91.0,84.0,Loss,149.2,137.73,2,5,6,0,0.0,7.0
2020-08-21,2020,DAL,WAS,92.0,101.0,Win,108.27,118.87,1,5,7,1,0.0,-9.0
2020-08-23,2020,DAL,LAS,84.0,81.0,Loss,131.27,126.58,1,5,8,0,0.0,3.0
2020-08-25,2020,DAL,LVA,96.0,92.0,Win,124.93,119.73,1,5,9,1,0.0,4.0
2020-08-29,2020,DAL,IND,78.0,82.0,Win,136.84,143.86,3,5,10,0,1.0,-4.0
2020-09-02,2020,DAL,LAS,83.0,91.0,Win,109.53,120.08,3,6,10,1,0.0,-8.0
2020-09-04,2020,DAL,MIN,75.0,88.0,Win,99.68,116.96,1,6,11,1,0.0,-13.0
2020-09-06,2020,DAL,WAS,101.0,94.0,Loss,148.53,138.24,1,6,12,0,0.0,7.0
2020-09-09,2020,DAL,SEA,95.0,107.0,Win,139.71,157.35,2,6,13,0,1.0,-12.0
2020-09-11,2020,DAL,CHI,95.0,88.0,Win,124.04,114.9,1,7,13,1,0.0,7.0
2020-09-13,2020,DAL,NYL,79.0,82.0,Win,117.91,122.39,1,7,14,0,1.0,-3.0
2009-08-11,2009,DET,WAS,81.0,77.0,Win,130.67,124.21,1,8,11,0,1.0,4.0
2009-08-13,2009,DET,ATL,75.0,80.0,Loss,108.71,115.96,1,9,11,0,0.0,-5.0
2009-08-15,2009,DET,IND,59.0,82.0,Loss,109.28,151.88,1,9,12,0,0.0,-23.0
2009-08-18,2009,DET,SEA,75.0,79.0,Win,95.91,101.02,2,9,13,1,0.0,-4.0
2009-08-22,2009,DET,CHI,76.0,67.0,Win,115.17,101.53,3,9,14,0,1.0,9.0
2009-08-23,2009,DET,SAS,99.0,84.0,Loss,125.32,106.33,0,10,14,1,1.0,15.0
2009-08-25,2009,DET,CON,90.0,70.0,Win,150.03,116.69,1,11,14,0,1.0,20.0
2009-08-27,2009,DET,ATL,87.0,83.0,Loss,103.63,98.87,1,12,14,1,1.0,4.0
2009-08-29,2009,DET,SAS,88.0,100.0,Win,118.93,135.15,1,13,14,0,1.0,-12.0
2009-09-01,2009,DET,PHO,101.0,99.0,Win,115.63,113.34,2,14,14,1,0.0,2.0
2009-09-04,2009,DET,IND,70.0,63.0,Loss,85.6,77.04,2,14,15,1,1.0,7.0
2009-09-06,2009,DET,CHI,84.0,75.0,Loss,101.98,91.05,1,15,15,1,1.0,9.0
2009-09-09,2009,DET,MIN,72.0,75.0,Loss,101.42,105.65,2,16,15,0,0.0,-3.0
2009-09-10,2009,DET,NYL,94.0,87.0,Loss,112.32,103.96,0,16,16,1,1.0,7.0
2009-09-12,2009,DET,CHI,80.0,69.0,Win,106.68,92.01,1,17,16,0,1.0,11.0
2009-09-16,2009,DET,ATL,94.0,89.0,Loss,110.91,105.01,3,18,16,1,1.0,5.0
2009-09-18,2009,DET,ATL,94.0,79.0,Win,144.64,121.56,1,19,16,0,1.0,15.0
2009-09-23,2009,DET,IND,72.0,56.0,Loss,102.36,79.61,4,20,16,1,1.0,16.0
2009-09-25,2009,DET,IND,75.0,79.0,Loss,115.4,121.56,1,21,16,0,0.0,-4.0
2009-09-26,2009,DET,IND,67.0,72.0,Loss,117.56,126.34,0,21,17,0,0.0,-5.0
2008-06-28,2008,HOU,IND,75.0,61.0,Loss,101.2,82.31,1,6,8,1,1.0,14.0
2008-07-01,2008,HOU,CON,68.0,78.0,Loss,90.68,104.01,2,7,8,0,0.0,-10.0
2008-07-03,2008,HOU,ATL,72.0,65.0,Win,112.52,101.58,1,7,9,0,1.0,7.0
2008-07-05,2008,HOU,SAC,73.0,65.0,Loss,99.7,88.77,1,8,9,1,1.0,8.0
2008-07-08,2008,HOU,PHO,94.0,99.0,Loss,130.57,137.52,2,9,9,0,0.0,-5.0
2008-07-09,2008,HOU,LAS,74.0,82.0,Loss,101.38,112.34,0,9,10,0,0.0,-8.0
2008-07-12,2008,HOU,MIN,71.0,85.0,Loss,112.72,134.94,2,9,11,0,0.0,-14.0
2008-07-17,2008,HOU,MIN,96.0,88.0,Loss,123.78,113.46,4,9,12,1,1.0,8.0
2008-07-19,2008,HOU,LAS,75.0,72.0,Loss,86.33,82.87,1,10,12,1,1.0,3.0
2008-07-22,2008,HOU,PHO,94.0,92.0,Loss,119.17,116.63,2,11,12,1,1.0,2.0
2008-07-24,2008,HOU,DET,79.0,61.0,Loss,105.26,81.28,1,12,12,1,1.0,18.0
2008-07-26,2008,HOU,CHI,79.0,65.0,Loss,102.41,84.26,1,13,12,1,1.0,14.0
2008-08-28,2008,HOU,SEA,49.0,66.0,Loss,85.98,115.81,32,14,12,0,0.0,-17.0
2008-08-30,2008,HOU,SAC,65.0,80.0,Loss,104.86,129.05,1,14,13,0,0.0,-15.0
2008-09-02,2008,HOU,NYL,87.0,90.0,Win,107.3,111.0,2,14,14,1,0.0,-3.0
2008-09-06,2008,HOU,LAS,66.0,84.0,Win,91.53,116.49,3,14,15,1,0.0,-18.0
2008-09-07,2008,HOU,PHO,74.0,99.0,Loss,101.38,135.64,0,14,16,0,0.0,-25.0
2008-09-09,2008,HOU,CON,75.0,68.0,Loss,99.26,89.99,1,14,17,1,1.0,7.0
2008-09-14,2008,HOU,CHI,79.0,76.0,Win,127.44,122.6,4,15,17,0,1.0,3.0
2008-09-15,2008,HOU,SAC,90.0,81.0,Loss,120.3,108.27,0,16,17,1,1.0,9.0
2020-07-31,2020,IND,DAL,73.0,76.0,Loss,101.4,105.57,1,2,0,0,0.0,-3.0
2020-08-02,2020,IND,ATL,77.0,93.0,Loss,100.27,121.11,1,2,1,1,1.0,-16.0
2020-08-05,2020,IND,LAS,86.0,75.0,Loss,134.38,117.19,2,3,1,0,0.0,11.0
2020-08-07,2020,IND,MIN,87.0,80.0,Loss,140.35,129.05,1,3,2,0,0.0,7.0
2020-08-09,2020,IND,WAS,84.0,91.0,Loss,110.01,119.17,1,3,3,1,1.0,-7.0
2020-08-11,2020,IND,LVA,98.0,79.0,Win,116.02,93.52,1,4,3,1,0.0,19.0
2020-08-13,2020,IND,NYL,79.0,86.0,Win,116.18,126.47,1,4,4,0,1.0,-7.0
2020-08-15,2020,IND,LAS,76.0,90.0,Win,100.14,118.59,1,5,4,1,0.0,-14.0
2020-08-18,2020,IND,CON,62.0,84.0,Loss,93.95,127.29,2,5,5,0,0.0,-22.0
2020-08-20,2020,IND,SEA,84.0,90.0,Loss,105.55,113.09,1,5,6,1,1.0,-6.0
2020-08-22,2020,IND,CHI,76.0,87.0,Loss,140.77,161.14,1,6,6,0,0.0,-11.0
2020-08-25,2020,IND,SEA,74.0,87.0,Loss,115.64,135.96,2,6,7,0,0.0,-13.0
2020-08-29,2020,IND,DAL,82.0,78.0,Win,100.6,95.69,3,6,8,1,0.0,4.0
2020-08-31,2020,IND,CHI,100.0,77.0,Loss,119.32,91.87,1,6,9,1,1.0,23.0
2020-09-01,2020,IND,ATL,90.0,102.0,Win,128.59,145.74,0,7,9,0,1.0,-12.0
2020-09-03,2020,IND,PHO,105.0,81.0,Win,136.38,105.21,1,8,9,0,1.0,24.0
2020-09-05,2020,IND,CON,96.0,77.0,Win,128.21,102.83,1,9,9,1,0.0,19.0
2020-09-08,2020,IND,LVA,86.0,92.0,Loss,122.86,131.43,2,9,10,0,0.0,-6.0
2020-09-10,2020,IND,NYL,85.0,75.0,Loss,99.19,87.52,1,9,11,1,1.0,10.0
2020-09-12,2020,IND,MIN,86.0,98.0,Win,121.61,138.57,1,10,11,1,0.0,-12.0
2020-08-01,2020,LAS,SEA,75.0,81.0,Loss,100.01,108.01,1,2,1,0,0.0,-6.0
2020-08-05,2020,LAS,IND,75.0,86.0,Loss,96.39,110.53,3,2,2,1,1.0,-11.0
2020-08-07,2020,LAS,LVA,82.0,86.0,Loss,113.89,119.44,1,3,2,0,0.0,-4.0
2020-08-09,2020,LAS,MIN,97.0,81.0,Loss,121.33,101.31,1,3,3,1,1.0,16.0
2020-08-11,2020,LAS,NYL,93.0,78.0,Loss,106.81,89.58,1,4,3,1,1.0,15.0
2020-08-13,2020,LAS,WAS,81.0,64.0,Win,126.58,100.02,1,5,3,0,1.0,17.0
2020-08-15,2020,LAS,IND,90.0,76.0,Win,147.57,124.61,1,6,3,0,1.0,14.0
2020-08-19,2020,LAS,PHO,74.0,83.0,Loss,93.07,104.39,3,7,3,1,1.0,-9.0
2020-08-21,2020,LAS,ATL,93.0,85.0,Win,138.83,126.88,1,8,3,0,1.0,8.0
2020-08-23,2020,LAS,DAL,81.0,84.0,Loss,109.65,113.71,1,9,3,1,1.0,-3.0
2020-08-28,2020,LAS,CON,80.0,76.0,Win,133.36,126.69,4,10,3,0,1.0,4.0
2020-08-30,2020,LAS,ATL,79.0,84.0,Loss,97.88,104.08,1,11,3,1,1.0,-5.0
2020-08-31,2020,LAS,MIN,96.0,78.0,Loss,139.15,113.06,0,12,3,0,0.0,18.0
2020-09-02,2020,LAS,DAL,91.0,83.0,Win,151.69,138.36,1,12,4,0,1.0,8.0
2020-09-04,2020,LAS,SEA,90.0,89.0,Win,112.64,111.39,1,13,4,1,0.0,1.0
2020-09-06,2020,LAS,CHI,80.0,86.0,Loss,99.0,106.42,1,13,5,1,1.0,-6.0
2020-09-08,2020,LAS,NYL,70.0,96.0,Win,120.69,165.52,1,14,5,0,1.0,-26.0
2020-09-10,2020,LAS,WAS,80.0,72.0,Win,107.57,96.81,1,15,5,1,0.0,8.0
2020-09-12,2020,LAS,LVA,84.0,70.0,Win,105.63,88.03,1,15,6,1,0.0,14.0
2020-09-17,2020,LAS,CON,73.0,59.0,Win,95.95,77.55,4,15,7,1,0.0,14.0
2020-08-18,2020,LVA,CHI,84.0,82.0,Loss,116.67,113.89,2,8,2,0,0.0,2.0
2020-08-20,2020,LVA,CON,78.0,99.0,Loss,96.81,122.87,1,8,3,1,1.0,-21.0
2020-08-22,2020,LVA,SEA,82.0,74.0,Loss,94.68,85.44,1,9,3,1,1.0,8.0
2020-08-25,2020,LVA,DAL,92.0,96.0,Win,122.68,128.02,2,10,3,0,1.0,-4.0
2020-08-29,2020,LVA,NYL,80.0,63.0,Loss,101.56,79.98,3,11,3,1,1.0,17.0
2020-09-01,2020,LVA,PHO,85.0,92.0,Win,103.9,112.46,2,12,3,1,0.0,-7.0
2020-09-03,2020,LVA,CON,93.0,78.0,Win,127.41,106.86,1,12,4,0,1.0,15.0
2020-09-05,2020,LVA,ATL,79.0,89.0,Win,103.95,117.11,1,13,4,0,1.0,-10.0
2020-09-08,2020,LVA,IND,92.0,86.0,Loss,116.15,108.57,2,14,4,1,1.0,6.0
2020-09-10,2020,LVA,MIN,89.0,104.0,Loss,123.61,144.44,1,15,4,0,0.0,-15.0
2020-09-12,2020,LVA,LAS,70.0,84.0,Win,97.22,116.67,1,15,5,0,1.0,-14.0
2020-09-13,2020,LVA,SEA,84.0,86.0,Win,115.08,117.82,0,16,5,0,1.0,-2.0
2020-09-20,2020,LVA,CON,87.0,62.0,Win,110.59,78.81,6,17,5,1,0.0,25.0
2020-09-22,2020,LVA,CON,75.0,83.0,Loss,97.4,107.79,1,17,6,1,1.0,-8.0
2020-09-24,2020,LVA,CON,68.0,77.0,Loss,101.51,114.94,1,18,6,0,0.0,-9.0
2020-09-27,2020,LVA,CON,84.0,75.0,Win,118.31,105.63,2,18,7,0,1.0,9.0
2020-09-29,2020,LVA,CON,63.0,66.0,Loss,82.66,86.59,1,19,7,1,1.0,-3.0
2020-10-02,2020,LVA,SEA,80.0,93.0,Win,102.68,119.37,2,20,7,1,0.0,-13.0
2020-10-04,2020,LVA,SEA,91.0,104.0,Loss,117.77,134.59,1,20,8,1,1.0,-13.0
2020-10-06,2020,LVA,SEA,92.0,59.0,Loss,115.01,73.76,1,21,8,0,0.0,33.0
2002-06-30,2002,MIA,IND,65.0,59.0,Loss,109.3,99.21,1,3,9,1,1.0,6.0
2002-07-03,2002,MIA,PHO,86.0,61.0,Loss,117.41,83.28,2,4,9,1,1.0,25.0
2002-07-05,2002,MIA,CHA,68.0,72.0,Win,95.37,100.98,1,5,9,1,0.0,-4.0
2002-07-07,2002,MIA,SEA,65.0,61.0,Loss,87.52,82.13,1,5,10,1,1.0,4.0
2002-07-09,2002,MIA,CHA,66.0,55.0,Win,132.03,110.02,1,6,10,0,1.0,11.0
2002-07-12,2002,MIA,IND,68.0,62.0,Win,125.95,114.84,2,7,10,0,1.0,6.0
2002-07-13,2002,MIA,ORL,70.0,56.0,Loss,111.08,88.86,0,8,10,1,1.0,14.0
2002-07-17,2002,MIA,SAC,62.0,78.0,Win,97.35,122.47,3,9,10,1,0.0,-16.0
2002-07-19,2002,MIA,MIN,61.0,58.0,Win,108.95,103.59,1,9,11,0,1.0,3.0
2002-07-20,2002,MIA,DET,48.0,69.0,Loss,88.91,127.8,0,10,11,0,0.0,-21.0
2002-07-23,2002,MIA,NYL,54.0,46.0,Loss,86.62,73.79,2,10,12,1,1.0,8.0
2002-07-25,2002,MIA,HOU,60.0,69.0,Loss,105.28,121.07,1,11,12,0,0.0,-9.0
2002-07-27,2002,MIA,POR,61.0,71.0,Loss,107.04,124.58,1,11,13,0,0.0,-10.0
2002-07-30,2002,MIA,LAS,82.0,73.0,Win,157.72,140.41,2,11,14,0,1.0,9.0
2002-07-31,2002,MIA,UTA,76.0,81.0,Loss,115.17,122.75,0,12,14,0,0.0,-5.0
2002-08-02,2002,MIA,NYL,54.0,66.0,Loss,94.74,115.79,1,12,15,0,0.0,-12.0
2002-08-04,2002,MIA,WAS,55.0,50.0,Loss,92.34,83.95,1,12,16,1,1.0,5.0
2002-08-09,2002,MIA,CLE,65.0,59.0,Loss,103.21,93.68,4,13,16,1,1.0,6.0
2002-08-11,2002,MIA,IND,63.0,77.0,Loss,114.57,140.03,1,14,16,0,0.0,-14.0
2002-08-13,2002,MIA,DET,61.0,56.0,Loss,93.06,85.43,1,14,17,1,1.0,5.0
2020-08-09,2020,MIN,LAS,81.0,97.0,Loss,126.56,151.56,1,5,1,0,0.0,-16.0
2020-08-11,2020,MIN,WAS,48.0,68.0,Loss,71.81,101.74,1,5,2,1,1.0,-20.0
2020-08-13,2020,MIN,LVA,77.0,87.0,Loss,116.68,131.84,1,6,2,0,0.0,-10.0
2020-08-15,2020,MIN,NYL,64.0,94.0,Loss,80.49,118.22,1,6,3,1,1.0,-30.0
2020-08-19,2020,MIN,DAL,84.0,91.0,Loss,116.52,126.23,3,7,3,1,1.0,-7.0
2020-08-21,2020,MIN,PHO,90.0,80.0,Win,155.2,137.95,1,8,3,0,1.0,10.0
2020-08-23,2020,MIN,ATL,78.0,75.0,Win,102.04,98.12,1,9,3,1,0.0,3.0
2020-08-28,2020,MIN,ATL,88.0,79.0,Win,122.24,109.74,4,9,4,0,1.0,9.0
2020-08-30,2020,MIN,PHO,83.0,79.0,Win,105.42,100.34,1,10,4,1,0.0,4.0
2020-08-31,2020,MIN,LAS,78.0,96.0,Loss,108.88,134.0,0,10,5,1,1.0,-18.0
2020-09-02,2020,MIN,CHI,86.0,83.0,Win,116.23,112.18,1,11,5,0,1.0,3.0
2020-09-04,2020,MIN,DAL,88.0,75.0,Win,125.73,107.16,1,12,5,0,1.0,13.0
2020-09-06,2020,MIN,SEA,103.0,88.0,Loss,131.03,111.95,1,13,5,1,1.0,15.0
2020-09-08,2020,MIN,WAS,86.0,89.0,Loss,130.32,134.87,1,14,5,0,0.0,-3.0
2020-09-10,2020,MIN,LVA,104.0,89.0,Loss,126.05,107.87,1,14,6,1,1.0,15.0
2020-09-12,2020,MIN,IND,98.0,86.0,Win,142.05,124.66,1,15,6,0,1.0,12.0
2020-09-17,2020,MIN,PHO,79.0,80.0,Loss,98.53,99.78,4,16,6,1,1.0,-1.0
2020-09-22,2020,MIN,SEA,86.0,88.0,Loss,119.44,122.22,4,17,6,0,0.0,-2.0
2020-09-24,2020,MIN,SEA,79.0,89.0,Loss,121.54,136.92,1,17,7,0,0.0,-10.0
2020-09-27,2020,MIN,SEA,92.0,71.0,Win,116.21,89.68,2,17,8,1,0.0,21.0
2020-07-31,2020,NYL,ATL,78.0,84.0,Loss,108.33,116.67,1,0,2,0,0.0,-6.0
2020-08-02,2020,NYL,PHO,96.0,67.0,Win,112.64,78.61,1,0,3,1,0.0,29.0
2020-08-05,2020,NYL,MIN,66.0,92.0,Win,84.75,118.13,2,0,4,1,0.0,-26.0
2020-08-07,2020,NYL,WAS,74.0,66.0,Win,132.17,117.88,1,0,5,0,1.0,8.0
2020-08-09,2020,NYL,LVA,78.0,76.0,Win,104.39,101.71,1,1,5,1,0.0,2.0
2020-08-11,2020,NYL,LAS,78.0,93.0,Loss,130.02,155.03,1,1,6,0,0.0,-15.0
2020-08-13,2020,NYL,IND,86.0,79.0,Win,110.23,101.26,1,1,7,1,0.0,7.0
2020-08-15,2020,NYL,MIN,94.0,64.0,Loss,132.41,90.15,1,1,8,0,0.0,30.0
2020-08-18,2020,NYL,SEA,64.0,105.0,Win,95.54,156.74,2,1,9,0,1.0,-41.0
2020-08-20,2020,NYL,CHI,101.0,85.0,Loss,114.23,96.13,1,2,9,1,1.0,16.0
2020-08-22,2020,NYL,CON,65.0,82.0,Loss,120.37,151.85,1,3,9,0,0.0,-17.0
2020-08-25,2020,NYL,CHI,101.0,99.0,Loss,148.53,145.59,2,3,10,0,0.0,2.0
2020-08-29,2020,NYL,LVA,63.0,80.0,Loss,95.45,121.21,3,3,11,0,0.0,-17.0
2020-09-01,2020,NYL,CON,70.0,65.0,Win,87.04,80.83,2,3,12,1,0.0,5.0
2020-09-03,2020,NYL,ATL,62.0,56.0,Win,75.43,68.13,1,3,13,1,0.0,6.0
2020-09-05,2020,NYL,PHO,67.0,83.0,Loss,82.73,102.48,1,3,14,0,0.0,-16.0
2020-09-08,2020,NYL,LAS,96.0,70.0,Win,118.93,86.72,2,3,15,1,0.0,26.0
2020-09-10,2020,NYL,IND,75.0,85.0,Loss,98.68,111.84,1,3,16,0,0.0,-10.0
2020-09-12,2020,NYL,WAS,75.0,58.0,Win,101.86,78.77,1,3,17,1,0.0,17.0
2020-09-13,2020,NYL,DAL,82.0,79.0,Win,102.14,98.41,0,3,18,1,0.0,3.0
2002-06-29,2002,ORL,MIN,59.0,67.0,Loss,101.74,115.54,1,6,6,0,0.0,-8.0
2002-07-03,2002,ORL,IND,79.0,71.0,Loss,100.75,90.55,3,6,7,1,1.0,8.0
2002-07-06,2002,ORL,PHO,72.0,70.0,Loss,101.54,98.72,2,7,7,1,1.0,2.0
2002-07-08,2002,ORL,WAS,51.0,63.0,Win,83.14,102.71,1,8,7,1,0.0,-12.0
2002-07-12,2002,ORL,CHA,67.0,72.0,Win,101.79,109.39,3,8,8,1,0.0,-5.0
2002-07-13,2002,ORL,MIA,56.0,70.0,Loss,103.72,129.65,0,8,9,0,0.0,-14.0
2002-07-17,2002,ORL,CHA,62.0,89.0,Loss,98.43,141.29,3,8,10,0,0.0,-27.0
2002-07-19,2002,ORL,UTA,84.0,73.0,Loss,121.77,105.83,1,8,11,1,1.0,11.0
2002-07-21,2002,ORL,SAC,60.0,62.0,Loss,90.92,93.95,1,9,11,0,0.0,-2.0
2002-07-22,2002,ORL,LAS,84.0,92.0,Loss,142.37,155.93,0,9,12,0,0.0,-8.0
2002-07-25,2002,ORL,SEA,76.0,79.0,Win,105.86,110.04,2,9,13,1,0.0,-3.0
2002-07-28,2002,ORL,CLE,76.0,70.0,Win,122.6,112.92,2,9,14,0,1.0,6.0
2002-07-30,2002,ORL,WAS,70.0,55.0,Win,137.28,107.86,1,10,14,0,1.0,15.0
2002-08-01,2002,ORL,CHA,65.0,63.0,Loss,98.51,95.48,1,11,14,1,1.0,2.0
2002-08-03,2002,ORL,HOU,62.0,69.0,Loss,88.57,98.57,1,12,14,0,0.0,-7.0
2002-08-04,2002,ORL,POR,63.0,61.0,Loss,102.39,99.14,0,12,15,1,1.0,2.0
2002-08-07,2002,ORL,IND,63.0,70.0,Loss,103.3,114.77,2,13,15,0,0.0,-7.0
2002-08-08,2002,ORL,SAC,72.0,82.0,Win,103.14,117.46,0,13,16,1,0.0,-10.0
2002-08-11,2002,ORL,DET,71.0,58.0,Loss,101.13,82.61,2,13,17,1,1.0,13.0
2002-08-13,2002,ORL,NYL,70.0,63.0,Loss,105.39,94.85,1,14,17,1,1.0,7.0
2020-08-04,2020,PHO,ATL,81.0,74.0,Win,108.01,98.68,1,1,3,0,1.0,7.0
2020-08-06,2020,PHO,CHI,86.0,96.0,Loss,106.11,118.45,1,2,3,1,1.0,-10.0
2020-08-08,2020,PHO,SEA,68.0,74.0,Loss,103.03,112.12,1,3,3,0,0.0,-6.0
2020-08-10,2020,PHO,DAL,91.0,79.0,Win,122.99,106.77,1,3,4,0,1.0,12.0
2020-08-12,2020,PHO,CHI,71.0,89.0,Loss,109.25,136.94,1,4,4,0,0.0,-18.0
2020-08-14,2020,PHO,ATL,80.0,96.0,Loss,102.22,122.67,1,4,5,1,1.0,-16.0
2020-08-16,2020,PHO,DAL,95.0,89.0,Win,121.65,113.97,1,5,5,1,0.0,6.0
2020-08-19,2020,PHO,LAS,83.0,74.0,Loss,120.29,107.25,2,5,6,0,0.0,9.0
2020-08-21,2020,PHO,MIN,80.0,90.0,Win,101.46,114.14,1,5,7,1,0.0,-10.0
2020-08-23,2020,PHO,WAS,88.0,87.0,Win,144.29,142.65,1,5,8,0,1.0,1.0
2020-08-28,2020,PHO,WAS,72.0,94.0,Loss,99.97,130.52,4,6,8,1,1.0,-22.0
2020-08-30,2020,PHO,MIN,79.0,83.0,Win,106.76,112.16,1,7,8,0,1.0,-4.0
2020-09-01,2020,PHO,LVA,92.0,85.0,Win,124.32,114.86,1,8,8,0,1.0,7.0
2020-09-03,2020,PHO,IND,81.0,105.0,Win,94.78,122.86,1,9,8,1,0.0,-24.0
2020-09-05,2020,PHO,NYL,83.0,67.0,Loss,101.42,81.87,1,9,9,1,1.0,16.0
2020-09-07,2020,PHO,CON,85.0,70.0,Win,107.91,88.87,1,10,9,1,0.0,15.0
2020-09-09,2020,PHO,CON,100.0,95.0,Loss,121.95,115.85,1,10,10,0,0.0,5.0
2020-09-11,2020,PHO,SEA,83.0,60.0,Win,104.48,75.53,1,10,11,1,0.0,23.0
2020-09-15,2020,PHO,WAS,84.0,85.0,Loss,110.09,111.4,3,10,12,1,1.0,-1.0
2020-09-17,2020,PHO,MIN,80.0,79.0,Loss,117.65,116.18,1,11,12,0,0.0,1.0
2002-06-26,2002,POR,ORL,64.0,57.0,Loss,88.68,78.98,0,4,8,1,1.0,7.0
2002-06-28,2002,POR,WAS,72.0,66.0,Loss,102.97,94.39,1,5,8,1,1.0,6.0
2002-06-30,2002,POR,NYL,54.0,44.0,Win,103.87,84.63,1,6,8,0,1.0,10.0
2002-07-02,2002,POR,CLE,68.0,64.0,Win,113.35,106.68,1,7,8,0,1.0,4.0
2002-07-03,2002,POR,CHA,76.0,73.0,Win,146.18,140.41,0,8,8,0,1.0,3.0
2002-07-07,2002,POR,SAC,74.0,59.0,Loss,98.69,78.69,3,9,8,1,1.0,15.0
2002-07-10,2002,POR,MIN,75.0,72.0,Win,117.21,112.52,2,10,8,0,1.0,3.0
2002-07-12,2002,POR,LAS,76.0,82.0,Win,95.87,103.44,1,11,8,1,0.0,-6.0
2002-07-17,2002,POR,PHO,73.0,61.0,Loss,91.05,76.08,4,11,9,1,1.0,12.0
2002-07-19,2002,POR,HOU,70.0,60.0,Loss,106.27,91.09,1,12,9,1,1.0,10.0
2002-07-21,2002,POR,PHO,87.0,75.0,Win,147.48,127.14,1,13,9,0,1.0,12.0
2002-07-24,2002,POR,LAS,69.0,73.0,Loss,95.83,101.39,2,14,9,0,0.0,-4.0
2002-07-25,2002,POR,SAC,80.0,81.0,Loss,97.57,98.79,0,14,10,0,0.0,-1.0
2002-07-27,2002,POR,MIA,71.0,61.0,Loss,101.79,87.46,1,14,11,1,1.0,10.0
2002-07-30,2002,POR,HOU,59.0,89.0,Loss,86.78,130.9,2,15,11,0,0.0,-30.0
2002-08-02,2002,POR,WAS,67.0,65.0,Win,113.58,110.19,2,15,12,0,1.0,2.0
2002-08-04,2002,POR,ORL,61.0,63.0,Loss,101.68,105.02,1,16,12,0,0.0,-2.0
2002-08-06,2002,POR,UTA,69.0,82.0,Win,95.44,113.42,1,16,13,1,0.0,-13.0
2002-08-09,2002,POR,SEA,74.0,83.0,Loss,101.37,113.7,2,16,14,0,0.0,-9.0
2002-08-11,2002,POR,PHO,70.0,73.0,Win,99.81,104.09,1,16,15,1,0.0,-3.0
2009-07-17,2009,SAC,SEA,56.0,69.0,Win,85.96,105.91,1,4,10,1,0.0,-13.0
2009-07-19,2009,SAC,DET,65.0,69.0,Win,86.01,91.31,1,4,11,1,0.0,-4.0
2009-07-22,2009,SAC,CON,75.0,83.0,Loss,115.4,127.71,2,4,12,0,0.0,-8.0
2009-07-23,2009,SAC,NYL,88.0,73.0,Win,149.18,123.75,0,4,13,0,1.0,15.0
2009-07-26,2009,SAC,WAS,73.0,87.0,Loss,132.75,158.21,2,5,13,0,0.0,-14.0
2009-07-30,2009,SAC,SAS,101.0,93.0,Win,116.98,107.71,3,5,14,1,0.0,8.0
2009-08-01,2009,SAC,LAS,56.0,59.0,Win,79.14,83.38,1,5,15,1,0.0,-3.0
2009-08-07,2009,SAC,NYL,66.0,84.0,Win,93.12,118.51,5,5,16,1,0.0,-18.0
2009-08-11,2009,SAC,SAS,90.0,73.0,Win,142.88,115.89,3,5,17,0,1.0,17.0
2009-08-14,2009,SAC,LAS,85.0,79.0,Win,137.1,127.42,2,6,17,0,1.0,6.0
2009-08-15,2009,SAC,LAS,61.0,78.0,Win,87.29,111.62,0,7,17,1,0.0,-17.0
2009-08-20,2009,SAC,IND,67.0,62.0,Loss,88.16,81.58,4,7,18,1,1.0,5.0
2009-08-22,2009,SAC,WAS,82.0,60.0,Loss,100.81,73.76,1,8,18,1,1.0,22.0
2009-08-25,2009,SAC,ATL,83.0,103.0,Win,118.59,147.16,2,9,18,0,1.0,-20.0
2009-08-28,2009,SAC,MIN,95.0,100.0,Win,143.96,151.54,2,10,18,0,1.0,-5.0
2009-08-29,2009,SAC,IND,79.0,78.0,Win,127.44,125.83,0,11,18,0,1.0,1.0
2009-09-01,2009,SAC,CON,90.0,70.0,Loss,111.73,86.9,2,12,18,1,1.0,20.0
2009-09-04,2009,SAC,ATL,90.0,98.0,Win,112.01,121.97,2,13,18,1,0.0,-8.0
2009-09-10,2009,SAC,SAS,71.0,80.0,Win,93.98,105.89,5,13,19,1,0.0,-9.0
2009-09-13,2009,SAC,MIN,88.0,66.0,Loss,103.09,77.32,2,13,20,1,1.0,22.0
2017-06-30,2017,SAS,CHI,89.0,82.0,Loss,117.9,108.62,4,0,14,1,1.0,7.0
2017-07-05,2017,SAS,CON,56.0,89.0,Win,74.19,117.91,4,1,14,1,0.0,-33.0
2017-07-07,2017,SAS,PHO,77.0,92.0,Win,103.86,124.09,1,1,15,1,0.0,-15.0
2017-07-12,2017,SAS,IND,79.0,72.0,Win,108.41,98.81,4,1,16,0,1.0,7.0
2017-07-16,2017,SAS,CON,75.0,89.0,Loss,95.37,113.17,3,2,16,0,0.0,-14.0
2017-07-18,2017,SAS,ATL,75.0,88.0,Loss,93.86,110.12,1,2,17,0,0.0,-13.0
2017-07-20,2017,SAS,IND,85.0,61.0,Loss,116.63,83.7,1,2,18,1,1.0,24.0
2017-07-25,2017,SAS,WAS,76.0,85.0,Win,106.97,119.63,4,3,18,1,0.0,-9.0
2017-07-28,2017,SAS,LAS,73.0,85.0,Win,100.98,117.58,2,3,19,1,0.0,-12.0
2017-07-30,2017,SAS,PHO,64.0,81.0,Loss,83.7,105.94,1,3,20,0,0.0,-17.0
2017-08-01,2017,SAS,NYL,93.0,81.0,Loss,122.77,106.93,1,3,21,1,1.0,12.0
2017-08-04,2017,SAS,WAS,76.0,74.0,Loss,104.34,101.59,2,4,21,1,1.0,2.0
2017-08-05,2017,SAS,SEA,87.0,80.0,Loss,102.09,93.87,0,5,21,1,1.0,7.0
2017-08-10,2017,SAS,CHI,74.0,94.0,Loss,93.72,119.05,4,6,21,0,0.0,-20.0
2017-08-12,2017,SAS,ATL,84.0,68.0,Loss,113.24,91.67,1,6,22,1,1.0,16.0
2017-08-18,2017,SAS,SEA,78.0,79.0,Loss,105.23,106.58,5,7,22,0,0.0,-1.0
2017-08-22,2017,SAS,LAS,55.0,75.0,Loss,70.61,96.29,3,7,23,0,0.0,-20.0
2017-08-25,2017,SAS,MIN,70.0,89.0,Win,94.77,120.5,2,7,24,1,0.0,-19.0
2017-09-01,2017,SAS,NYL,69.0,81.0,Loss,93.52,109.79,6,7,25,0,0.0,-12.0
2017-09-02,2017,SAS,IND,75.0,71.0,Win,102.78,97.3,0,7,26,0,1.0,4.0
2020-08-12,2020,SEA,ATL,63.0,100.0,Win,87.94,139.59,1,7,1,1,0.0,-37.0
2020-08-14,2020,SEA,DAL,65.0,83.0,Win,87.84,112.16,1,7,2,0,1.0,-18.0
2020-08-16,2020,SEA,CON,95.0,72.0,Win,146.18,110.79,1,8,2,0,1.0,23.0
2020-08-18,2020,SEA,NYL,105.0,64.0,Win,116.8,71.19,1,9,2,1,0.0,41.0
2020-08-20,2020,SEA,IND,90.0,84.0,Loss,116.9,109.11,1,9,3,0,0.0,6.0
2020-08-22,2020,SEA,LVA,74.0,82.0,Loss,98.67,109.33,1,9,4,0,0.0,-8.0
2020-08-25,2020,SEA,IND,87.0,74.0,Loss,114.55,97.43,2,9,5,1,1.0,13.0
2020-08-29,2020,SEA,CHI,88.0,74.0,Win,139.7,117.48,3,10,5,0,1.0,14.0
2020-09-02,2020,SEA,WAS,71.0,64.0,Loss,96.73,87.19,3,11,5,1,1.0,7.0
2020-09-04,2020,SEA,LAS,89.0,90.0,Win,143.55,145.16,1,12,5,0,1.0,-1.0
2020-09-06,2020,SEA,MIN,88.0,103.0,Loss,141.96,166.16,1,13,5,0,0.0,-15.0
2020-09-09,2020,SEA,DAL,107.0,95.0,Win,124.96,110.94,2,13,6,1,0.0,12.0
2020-09-11,2020,SEA,PHO,60.0,83.0,Win,96.79,133.89,1,13,7,0,1.0,-23.0
2020-09-13,2020,SEA,LVA,86.0,84.0,Win,107.8,105.29,1,14,7,1,0.0,2.0
2020-09-22,2020,SEA,MIN,88.0,86.0,Loss,106.89,104.46,8,14,8,1,1.0,2.0
2020-09-24,2020,SEA,MIN,89.0,79.0,Loss,115.79,102.78,1,15,8,1,1.0,10.0
2020-09-27,2020,SEA,MIN,71.0,92.0,Win,104.43,135.31,2,16,8,0,1.0,-21.0
2020-10-02,2020,SEA,LVA,93.0,80.0,Win,129.17,111.11,4,17,8,0,1.0,13.0
2020-10-04,2020,SEA,LVA,104.0,91.0,Loss,148.59,130.02,1,18,8,0,0.0,13.0
2020-10-06,2020,SEA,LVA,59.0,92.0,Loss,74.06,115.48,1,18,9,1,1.0,-33.0
2015-07-19,2015,TUL,MIN,72.0,79.0,Win,96.3,105.66,1,9,7,1,0.0,-7.0
2015-07-21,2015,TUL,WAS,69.0,76.0,Win,95.73,105.44,1,9,8,1,0.0,-7.0
2015-07-30,2015,TUL,PHO,66.0,78.0,Win,84.78,100.19,8,9,9,1,0.0,-12.0
2015-08-01,2015,TUL,MIN,80.0,86.0,Win,115.26,123.9,1,9,10,1,0.0,-6.0
2015-08-04,2015,TUL,PHO,84.0,87.0,Loss,110.83,114.79,2,9,11,0,0.0,-3.0
2015-08-06,2015,TUL,LAS,57.0,84.0,Loss,77.39,114.05,1,9,12,0,0.0,-27.0
2015-08-09,2015,TUL,ATL,90.0,98.0,Win,121.41,132.2,2,9,13,1,0.0,-8.0
2015-08-12,2015,TUL,CON,74.0,80.0,Loss,95.93,103.71,2,9,14,0,0.0,-6.0
2015-08-15,2015,TUL,NYL,81.0,76.0,Win,115.85,108.7,2,9,15,0,1.0,5.0
2015-08-18,2015,TUL,PHO,74.0,59.0,Loss,95.47,76.12,2,10,15,1,1.0,15.0
2015-08-21,2015,TUL,CON,84.0,76.0,Loss,113.42,102.62,2,11,15,1,1.0,8.0
2015-08-28,2015,TUL,LAS,76.0,66.0,Loss,103.71,90.07,6,12,15,1,1.0,10.0
2015-08-30,2015,TUL,IND,76.0,70.0,Loss,98.62,90.84,1,13,15,1,1.0,6.0
2015-09-03,2015,TUL,SEA,85.0,67.0,Win,117.39,92.53,3,14,15,0,1.0,18.0
2015-09-06,2015,TUL,LAS,73.0,92.0,Loss,107.54,135.53,2,15,15,0,0.0,-19.0
2015-09-08,2015,TUL,SAS,74.0,64.0,Loss,96.29,83.28,1,15,16,1,1.0,10.0
2015-09-11,2015,TUL,CHI,71.0,92.0,Loss,95.57,123.84,2,16,16,0,0.0,-21.0
2015-09-13,2015,TUL,PHO,91.0,87.0,Loss,124.98,119.49,1,16,17,1,1.0,4.0
2015-09-17,2015,TUL,PHO,55.0,88.0,Loss,74.8,119.68,3,17,17,0,0.0,-33.0
2015-09-19,2015,TUL,PHO,67.0,91.0,Win,86.49,117.46,1,17,18,1,0.0,-24.0
2002-07-10,2002,UTA,IND,82.0,69.0,Win,170.87,143.78,1,12,5,0,1.0,13.0
2002-07-13,2002,UTA,PHO,75.0,66.0,Loss,98.33,86.53,2,13,5,1,1.0,9.0
2002-07-17,2002,UTA,HOU,75.0,67.0,Loss,92.05,82.23,3,14,5,1,1.0,8.0
2002-07-19,2002,UTA,ORL,73.0,84.0,Loss,130.38,150.03,1,15,5,0,0.0,-11.0
2002-07-20,2002,UTA,WAS,83.0,73.0,Win,148.24,130.38,0,15,6,0,1.0,10.0
2002-07-23,2002,UTA,DET,86.0,75.0,Win,128.38,111.96,2,16,6,0,1.0,11.0
2002-07-24,2002,UTA,MIN,62.0,70.0,Loss,92.55,104.49,0,17,6,0,0.0,-8.0
2002-07-26,2002,UTA,PHO,74.0,61.0,Loss,94.57,77.96,1,17,7,1,1.0,13.0
2002-07-31,2002,UTA,MIA,81.0,76.0,Loss,112.91,105.94,4,18,7,1,1.0,5.0
2002-08-01,2002,UTA,SAC,71.0,80.0,Loss,114.53,129.05,0,19,7,0,0.0,-9.0
2002-08-04,2002,UTA,LAS,86.0,90.0,Loss,148.3,155.2,2,19,8,0,0.0,-4.0
2002-08-06,2002,UTA,POR,82.0,69.0,Win,141.4,118.99,1,19,9,0,1.0,13.0
2002-08-09,2002,UTA,LAS,77.0,85.0,Win,104.24,115.07,2,20,9,1,0.0,-8.0
2002-08-11,2002,UTA,SEA,57.0,74.0,Loss,91.95,119.37,1,20,10,0,0.0,-17.0
2002-08-12,2002,UTA,SAC,81.0,79.0,Loss,103.01,100.47,0,20,11,1,1.0,2.0
2002-08-16,2002,UTA,HOU,66.0,59.0,Loss,91.9,82.15,3,21,11,1,1.0,7.0
2002-08-18,2002,UTA,HOU,77.0,83.0,Loss,113.25,122.08,1,22,11,0,0.0,-6.0
2002-08-20,2002,UTA,HOU,75.0,72.0,Win,133.95,128.59,1,22,12,0,1.0,3.0
2002-08-22,2002,UTA,LAS,67.0,75.0,Win,83.62,93.61,1,23,12,1,0.0,-8.0
2002-08-24,2002,UTA,LAS,77.0,103.0,Win,118.48,158.49,1,23,13,0,1.0,-26.0
2020-08-01,2020,WAS,CHI,86.0,88.0,Loss,116.22,118.92,1,2,1,0,0.0,-2.0
2020-08-05,2020,WAS,LVA,83.0,77.0,Win,104.93,97.35,3,2,2,1,0.0,6.0
2020-08-07,2020,WAS,NYL,66.0,74.0,Win,81.04,90.86,1,2,3,1,0.0,-8.0
2020-08-09,2020,WAS,IND,91.0,84.0,Loss,156.92,144.85,1,2,4,0,0.0,7.0
2020-08-11,2020,WAS,MIN,68.0,48.0,Loss,101.51,71.65,1,2,5,0,0.0,20.0
2020-08-13,2020,WAS,LAS,64.0,81.0,Win,82.07,103.87,1,2,6,1,0.0,-17.0
2020-08-15,2020,WAS,LVA,73.0,88.0,Loss,96.07,115.8,1,2,7,0,0.0,-15.0
2020-08-19,2020,WAS,ATL,91.0,98.0,Loss,120.56,129.84,3,2,8,1,1.0,-7.0
2020-08-21,2020,WAS,DAL,101.0,92.0,Win,150.75,137.31,1,3,8,0,1.0,9.0
2020-08-23,2020,WAS,PHO,87.0,88.0,Win,111.61,112.89,1,4,8,1,0.0,-1.0
2020-08-28,2020,WAS,PHO,94.0,72.0,Loss,162.1,124.16,4,4,9,0,0.0,22.0
2020-08-30,2020,WAS,CON,76.0,63.0,Win,102.12,84.65,1,4,10,1,0.0,13.0
2020-09-02,2020,WAS,SEA,64.0,71.0,Loss,92.75,102.9,2,4,11,0,0.0,-7.0
2020-09-04,2020,WAS,CHI,69.0,79.0,Loss,95.0,108.77,1,4,12,1,1.0,-10.0
2020-09-06,2020,WAS,DAL,94.0,101.0,Loss,108.36,116.43,1,5,12,1,1.0,-7.0
2020-09-08,2020,WAS,MIN,89.0,86.0,Loss,128.65,124.31,1,6,12,1,1.0,3.0
2020-09-10,2020,WAS,LAS,72.0,80.0,Win,102.87,114.3,1,7,12,0,1.0,-8.0
2020-09-12,2020,WAS,NYL,58.0,75.0,Win,105.45,136.36,1,8,12,0,1.0,-17.0
2020-09-13,2020,WAS,ATL,85.0,78.0,Win,126.87,116.42,0,9,12,0,1.0,7.0
2020-09-15,2020,WAS,PHO,85.0,84.0,Loss,137.12,135.51,1,10,12,0,0.0,1.0
